[
  {
    "link": "https://www.eleconomista.com.mx/cartones/mujeres-y-periodismo-20241016-730227.html",
    "categories": [
      "cartones"
    ],
    "title": "Mujeres, poder y periodismo",
    "pubDate": "Wed, 16 Oct 2024 01:50:51 -0600",
    "description": "",
    "feedType": "ElEconomistaRSS",
    "newsMedia": "El Economista",
    "section": "Edición completa",
    "author": [
      ""
    ],
    "authors": [
      {
        "name": ""
      },
      {
        "name": ""
      }
    ],
    "fullContent": "NO TEXT FOUND"
  },
  {
    "link": "https://www.eleconomista.com.mx/cartones/fisica-pura-20241016-730226.html",
    "categories": [
      "cartones"
    ],
    "title": "Física pura",
    "pubDate": "Wed, 16 Oct 2024 01:49:36 -0600",
    "description": "",
    "feedType": "ElEconomistaRSS",
    "newsMedia": "El Economista",
    "section": "Edición completa",
    "author": [
      ""
    ],
    "authors": [
      {
        "name": ""
      },
      {
        "name": ""
      }
    ],
    "fullContent": "NO TEXT FOUND"
  },
  {
    "link": "https://www.eleconomista.com.mx/opinion/dialogo-alto-nivel-mexico-estados-unidos-encuentro-superar-desencuentros-20241016-730225.html",
    "categories": [
      "opinion"
    ],
    "title": "Diálogo de alto nivel México-Estados Unidos: ¿un encuentro para superar los desencuentros?",
    "pubDate": "Wed, 16 Oct 2024 00:36:40 -0600",
    "description": "",
    "feedType": "ElEconomistaRSS",
    "newsMedia": "El Economista",
    "section": "Edición completa",
    "author": [
      ""
    ],
    "authors": [
      {
        "name": ""
      },
      {
        "name": ""
      }
    ],
    "fullContent": "NO TEXT FOUND"
  },
  {
    "link": "https://www.eleconomista.com.mx/opinion/japon-geopolitico-20241016-730224.html",
    "categories": [
      "opinion"
    ],
    "title": "Japón geopolítico",
    "pubDate": "Wed, 16 Oct 2024 00:32:00 -0600",
    "description": "Shigeru Ishiba asumió como primer ministro de Japón el 1 de octubre. Promueve una reconfiguración en seguridad y defensa, buscando una alianza similar a la OTAN en Asia, para enfrentar amenazas de China, Rusia y Corea del Norte.",
    "feedType": "ElEconomistaRSS",
    "newsMedia": "El Economista",
    "section": "Edición completa",
    "author": [
      ""
    ],
    "authors": [
      {
        "name": ""
      },
      {
        "name": ""
      }
    ],
    "fullContent": "NO TEXT FOUND"
  },
  {
    "link": "https://www.eleconomista.com.mx/internacionales/presidente-bukele-y-familia-multiplican-inmuebles-20241016-730223.html",
    "categories": [
      "internacionales"
    ],
    "title": "El presidente Bukele y su familia multiplican inmuebles",
    "pubDate": "Wed, 16 Oct 2024 00:11:40 -0600",
    "description": "Una investigación revela la compra de 34 propiedades valoradas en nueve millones de dólares, una de ellas a nombre de un hermano.",
    "feedType": "ElEconomistaRSS",
    "newsMedia": "El Economista",
    "section": "Edición completa",
    "author": [
      ""
    ],
    "authors": [
      {
        "name": ""
      },
      {
        "name": ""
      }
    ],
    "fullContent": "NO TEXT FOUND"
  },
  {
    "link": "https://www.eleconomista.com.mx/internacionales/sheinbaum-reitera-imparcialidad-venezuela-20241016-730222.html",
    "categories": [
      "internacionales"
    ],
    "title": "Sheinbaum reitera imparcialidad con Venezuela",
    "pubDate": "Wed, 16 Oct 2024 00:08:29 -0600",
    "description": "",
    "feedType": "ElEconomistaRSS",
    "newsMedia": "El Economista",
    "section": "Edición completa",
    "author": [
      ""
    ],
    "authors": [
      {
        "name": ""
      },
      {
        "name": ""
      }
    ],
    "fullContent": "NO TEXT FOUND"
  },
  {
    "link": "https://www.eleconomista.com.mx/opinion/dialogo-ceo-eu-mexico-palabras-accion-20241016-730220.html",
    "categories": [
      "opinion"
    ],
    "title": "El Diálogo CEO EU-México: ¿más palabras que acción?",
    "pubDate": "Wed, 16 Oct 2024 00:04:00 -0600",
    "description": "",
    "feedType": "ElEconomistaRSS",
    "newsMedia": "El Economista",
    "section": "Edición completa",
    "author": [
      ""
    ],
    "authors": [
      {
        "name": ""
      },
      {
        "name": ""
      }
    ],
    "fullContent": "NO TEXT FOUND"
  },
  {
    "link": "https://www.eleconomista.com.mx/politica/oficialismo-alista-10-reformas-cambios-pjf-20241016-730219.html",
    "categories": [
      "politica"
    ],
    "title": "Oficialismo alista 10 reformas más por cambios al PJF",
    "pubDate": "Wed, 16 Oct 2024 00:00:45 -0600",
    "description": "Al menos dos de ellas se tratarán de nuevas leyes para los órganos que se crean.",
    "feedType": "ElEconomistaRSS",
    "newsMedia": "El Economista",
    "section": "Edición completa",
    "author": [
      ""
    ],
    "authors": [
      {
        "name": ""
      },
      {
        "name": ""
      }
    ],
    "fullContent": "NO TEXT FOUND"
  },
  {
    "link": "https://www.eleconomista.com.mx/politica/presidenta-quiere-control-pj-20241015-730218.html",
    "categories": [
      "politica"
    ],
    "title": "“La presidenta no quiere tener el control del PJ”",
    "pubDate": "Tue, 15 Oct 2024 23:56:53 -0600",
    "description": "Afirma Claudia Sheinbaum Pardo, frente a empresarios nacionales y extranjeros.",
    "feedType": "ElEconomistaRSS",
    "newsMedia": "El Economista",
    "section": "Edición completa",
    "author": [
      ""
    ],
    "authors": [
      {
        "name": ""
      },
      {
        "name": ""
      }
    ],
    "fullContent": "NO TEXT FOUND"
  },
  {
    "link": "https://www.eleconomista.com.mx/politica/trabajadores-judicial-confrontan-policia-palacio-20241015-730217.html",
    "categories": [
      "politica"
    ],
    "title": "Trabajadores del Poder Judicial se confrontan con policía en Palacio",
    "pubDate": "Tue, 15 Oct 2024 23:54:17 -0600",
    "description": "Ayer, el Instituto Electoral de la Ciudad de México (IECM) dio a conocer que instaló un Grupo de Trabajo para la preparación de la organización y seguimiento de la eventual elección de diversos cargos del Poder Judicial de la capital del país.",
    "feedType": "ElEconomistaRSS",
    "newsMedia": "El Economista",
    "section": "Edición completa",
    "author": [
      ""
    ],
    "authors": [
      {
        "name": ""
      },
      {
        "name": ""
      }
    ],
    "fullContent": "NO TEXT FOUND"
  },
  {
    "link": "https://www.eleconomista.com.mx/politica/registran-aumento-75-numero-quejas-cndh-20241015-730216.html",
    "categories": [
      "politica"
    ],
    "title": "Registran un aumento de 75% en número de quejas ante CNDH",
    "pubDate": "Tue, 15 Oct 2024 23:51:42 -0600",
    "description": "Según el informe “CNDH: balance de su debilitamiento institucional durante la gestión 2019-2024”, realizado por el Centro Prodh, entre 2020 y 2023, el número de quejas presentadas ante la Comisión, aumentó 75%, al pasar de 11,387 en 2020 a 19,916 en 2023.",
    "feedType": "ElEconomistaRSS",
    "newsMedia": "El Economista",
    "section": "Edición completa",
    "author": [
      ""
    ],
    "authors": [
      {
        "name": ""
      },
      {
        "name": ""
      }
    ],
    "fullContent": "NO TEXT FOUND"
  },
  {
    "link": "https://www.eleconomista.com.mx/opinion/inai-horas-contadas-20241015-730215.html",
    "categories": [
      "opinion"
    ],
    "title": "Inai, ¿horas contadas?",
    "pubDate": "Tue, 15 Oct 2024 23:48:06 -0600",
    "description": "",
    "feedType": "ElEconomistaRSS",
    "newsMedia": "El Economista",
    "section": "Edición completa",
    "author": [
      ""
    ],
    "authors": [
      {
        "name": ""
      },
      {
        "name": ""
      }
    ],
    "fullContent": "NO TEXT FOUND"
  },
  {
    "link": "https://www.eleconomista.com.mx/politica/proponen-validar-triunfo-lemus-20241015-730214.html",
    "categories": [
      "politica"
    ],
    "title": "Proponen validar triunfo de Lemus",
    "pubDate": "Tue, 15 Oct 2024 23:45:36 -0600",
    "description": "Al resolver la impugnación de Claudia Delgadillo González, entonces candidata de Morena al gobierno de Jalisco, las y los magistrados del máximo tribunal en materia electoral votarán el proyecto del magistrado Felipe Alfredo Fuentes Barrera.",
    "feedType": "ElEconomistaRSS",
    "newsMedia": "El Economista",
    "section": "Edición completa",
    "author": [
      ""
    ],
    "authors": [
      {
        "name": ""
      },
      {
        "name": ""
      }
    ],
    "fullContent": "NO TEXT FOUND"
  },
  {
    "link": "https://www.eleconomista.com.mx/politica/asesinan-roman-ruiz-bohorquez-edil-candelaria-loxicha-20241015-730213.html",
    "categories": [
      "politica"
    ],
    "title": "Asesinan a Román Ruiz Bohórquez, edil de Candelaria Loxicha",
    "pubDate": "Tue, 15 Oct 2024 23:43:01 -0600",
    "description": "",
    "feedType": "ElEconomistaRSS",
    "newsMedia": "El Economista",
    "section": "Edición completa",
    "author": [
      ""
    ],
    "authors": [
      {
        "name": ""
      },
      {
        "name": ""
      }
    ],
    "fullContent": "NO TEXT FOUND"
  },
  {
    "link": "https://www.eleconomista.com.mx/politica/garcia-luna-pide-clemencia-juez-y-considerar-labores-prision-20241015-730212.html",
    "categories": [
      "politica"
    ],
    "title": "García Luna pide clemencia a juez y considerar sus labores en prisión",
    "pubDate": "Tue, 15 Oct 2024 23:40:38 -0600",
    "description": "García Luna denunció en su carta al juez de EU que en México se vive un sombrío panorama de lo que considera el debilitamiento de las instituciones democráticas por la reforma al Poder Judicial.",
    "feedType": "ElEconomistaRSS",
    "newsMedia": "El Economista",
    "section": "Edición completa",
    "author": [
      ""
    ],
    "authors": [
      {
        "name": ""
      },
      {
        "name": ""
      }
    ],
    "fullContent": "NO TEXT FOUND"
  },
  {
    "link": "https://www.eleconomista.com.mx/estados/cancun-principal-destino-expansion-hotelera-pais-20241015-730211.html",
    "categories": [
      "estados"
    ],
    "title": "Cancún, el principal destino en expansión hotelera del país",
    "pubDate": "Tue, 15 Oct 2024 23:10:54 -0600",
    "description": "Durante los primeros ocho meses del presente año, el Caribe mexicano registró la apertura de 2,900 nuevos cuartos.",
    "feedType": "ElEconomistaRSS",
    "newsMedia": "El Economista",
    "section": "Edición completa",
    "author": [
      ""
    ],
    "authors": [
      {
        "name": ""
      },
      {
        "name": ""
      }
    ],
    "fullContent": "NO TEXT FOUND"
  },
  {
    "link": "https://www.eleconomista.com.mx/opinion/apertura-inversion-privada-claudia-sheinbaum-20241015-730210.html",
    "categories": [
      "opinion"
    ],
    "title": "Apertura a inversión privada: Claudia Sheinbaum",
    "pubDate": "Tue, 15 Oct 2024 23:01:03 -0600",
    "description": "",
    "feedType": "ElEconomistaRSS",
    "newsMedia": "El Economista",
    "section": "Edición completa",
    "author": [
      ""
    ],
    "authors": [
      {
        "name": ""
      },
      {
        "name": ""
      }
    ],
    "fullContent": "NO TEXT FOUND"
  },
  {
    "link": "https://www.eleconomista.com.mx/opinion/honor-labor-judicial-20241015-730209.html",
    "categories": [
      "opinion"
    ],
    "title": "En honor a la labor judicial",
    "pubDate": "Tue, 15 Oct 2024 22:58:16 -0600",
    "description": "Pendiente Resbaladiza",
    "feedType": "ElEconomistaRSS",
    "newsMedia": "El Economista",
    "section": "Edición completa",
    "author": [
      ""
    ],
    "authors": [
      {
        "name": ""
      },
      {
        "name": ""
      }
    ],
    "fullContent": "NO TEXT FOUND"
  },
  {
    "link": "https://www.eleconomista.com.mx/opinion/retos-secretario-kershenobich-20241015-730208.html",
    "categories": [
      "opinion"
    ],
    "title": "Los retos del secretario Kershenobich",
    "pubDate": "Tue, 15 Oct 2024 22:54:41 -0600",
    "description": "",
    "feedType": "ElEconomistaRSS",
    "newsMedia": "El Economista",
    "section": "Edición completa",
    "author": [
      ""
    ],
    "authors": [
      {
        "name": ""
      },
      {
        "name": ""
      }
    ],
    "fullContent": "NO TEXT FOUND"
  },
  {
    "link": "https://www.eleconomista.com.mx/sectorfinanciero/septiembre-afores-logran-plusvalias-quinto-mes-consecutivo-20241015-730207.html",
    "categories": [
      "sectorfinanciero"
    ],
    "title": "En septiembre, Afores logran plusvalías por quinto mes consecutivo",
    "pubDate": "Tue, 15 Oct 2024 22:37:17 -0600",
    "description": "En lo que va del 2024, las administradoras acumulan plusvalías por 630,656 millones de pesos; en abril es el único mes en el que han presentado minusvalías.",
    "feedType": "ElEconomistaRSS",
    "newsMedia": "El Economista",
    "section": "Edición completa",
    "author": [
      ""
    ],
    "authors": [
      {
        "name": ""
      },
      {
        "name": ""
      }
    ],
    "fullContent": "NO TEXT FOUND"
  },
  {
    "link": "https://www.eleconomista.com.mx/politica/sala-especializada-tepjf-perdona-campana-anticipada-adan-augusto-lopez-20241015-730206.html",
    "categories": [
      "politica"
    ],
    "title": "Sala Especializada del TEPJF perdona campaña anticipada de Adán Augusto López",
    "pubDate": "Tue, 15 Oct 2024 21:45:45 -0600",
    "description": "La Sala Regional Especializada determinó también que la entonces precandidata presidencial, Claudia Sheinbaum, no realizó actos anticipados de campaña con el evento donde se difundió el video “Claudia: el documental”.",
    "feedType": "ElEconomistaRSS",
    "newsMedia": "El Economista",
    "section": "Edición completa",
    "author": [
      ""
    ],
    "authors": [
      {
        "name": ""
      },
      {
        "name": ""
      }
    ],
    "fullContent": "NO TEXT FOUND"
  },
  {
    "link": "https://www.eleconomista.com.mx/economia/alta-deuda-fmi-pedira-ajustes-fiscales-argentina-20241015-730205.html",
    "categories": [
      "economia"
    ],
    "title": "Por la alta deuda, el FMI pedirá más ajustes fiscales a Argentina",
    "pubDate": "Tue, 15 Oct 2024 21:41:24 -0600",
    "description": "Más de una vez el fondo le ha reclamado al Gobierno argentino, que mantiene un fuerte recorte del gasto primario estimado por las consultoras del 30% real en septiembre, que \"calibre\" el ajuste.",
    "feedType": "ElEconomistaRSS",
    "newsMedia": "El Economista",
    "section": "Edición completa",
    "author": [
      ""
    ],
    "authors": [
      {
        "name": ""
      },
      {
        "name": ""
      }
    ],
    "fullContent": "NO TEXT FOUND"
  },
  {
    "link": "https://www.eleconomista.com.mx/empresas/foro-apec-peru-beneficiaria-millon-pymes-preven-20241015-730204.html",
    "categories": [
      "empresas"
    ],
    "title": "Foro APEC en Perú beneficiaría a un millón de pymes, prevén",
    "pubDate": "Tue, 15 Oct 2024 21:38:49 -0600",
    "description": "El presidente del Gremio de la Pequeña Empresa (PYME) de la Cámara de Comercio de Lima (CCL), Rodolfo Ojeda, estimó que un millón de pequeñas y medianas empresas podrían ser beneficiadas con el Foro de Cooperación Económica Asia-Pacífico (APEC, su sigla en inglés), evento que preside Perú este año y que se realizará en noviembre.",
    "feedType": "ElEconomistaRSS",
    "newsMedia": "El Economista",
    "section": "Edición completa",
    "author": [
      ""
    ],
    "authors": [
      {
        "name": ""
      },
      {
        "name": ""
      }
    ],
    "fullContent": "NO TEXT FOUND"
  },
  {
    "link": "https://www.eleconomista.com.mx/empresas/enel-realizo-inversion-prometida-brasil-fiscalia-20241015-730203.html",
    "categories": [
      "empresas"
    ],
    "title": "Enel no realizó inversión prometida en Brasil: Fiscalía",
    "pubDate": "Tue, 15 Oct 2024 21:35:45 -0600",
    "description": "La filial de la italiana Enel en São Paulo (Brasil) no invirtió 602 millones de reales (123 millones de dólares) en su infraestructura local, tal y como estaba previsto.",
    "feedType": "ElEconomistaRSS",
    "newsMedia": "El Economista",
    "section": "Edición completa",
    "author": [
      ""
    ],
    "authors": [
      {
        "name": ""
      },
      {
        "name": ""
      }
    ],
    "fullContent": "NO TEXT FOUND"
  },
  {
    "link": "https://www.eleconomista.com.mx/politica/senadores-aprueban-convocatoria-elegir-cargos-judicial-20241015-730202.html",
    "categories": [
      "politica"
    ],
    "title": "Senadores aprueban la convocatoria para elegir cargos del Poder Judicial",
    "pubDate": "Tue, 15 Oct 2024 21:34:26 -0600",
    "description": "En la discusión a favor y en contra del documento, el coordinador de Morena, Adán Augusto López Hernández, reiteró que ésta es una reforma profunda del sistema de justicia en el país, por decisión que tomó la mayoría del pueblo y a la cual obedeció el Poder Legislativo para que las y los mexicanos puedan elegir libremente a quienes quieran que sean sus juzgadores.",
    "feedType": "ElEconomistaRSS",
    "newsMedia": "El Economista",
    "section": "Edición completa",
    "author": [
      ""
    ],
    "authors": [
      {
        "name": ""
      },
      {
        "name": ""
      }
    ],
    "fullContent": "NO TEXT FOUND"
  },
  {
    "link": "https://www.eleconomista.com.mx/mercados/crudo-pierde-6-tres-dias-debil-demanda-mundial-20241015-730201.html",
    "categories": [
      "mercados"
    ],
    "title": "Crudo pierde 6% en tres días ante débil demanda mundial",
    "pubDate": "Tue, 15 Oct 2024 21:25:24 -0600",
    "description": "Los referenciales Brent del Mar del Norte y WTI alcanzaron niveles que no se veían desde el 1 de octubre, cuando Irán lanzó 200 misiles contra Israel.",
    "feedType": "ElEconomistaRSS",
    "newsMedia": "El Economista",
    "section": "Edición completa",
    "author": [
      ""
    ],
    "authors": [
      {
        "name": ""
      },
      {
        "name": ""
      }
    ],
    "fullContent": "NO TEXT FOUND"
  },
  {
    "link": "https://www.eleconomista.com.mx/opinion/nueva-narrativa-arranque-y-freno-mercados-20241015-730200.html",
    "categories": [
      "opinion"
    ],
    "title": "Nueva narrativa de arranque y freno en los mercados",
    "pubDate": "Tue, 15 Oct 2024 21:20:15 -0600",
    "description": "Los inversionistas en Bolsa celebran que los reportes de las emisoras siguen siendo sólidos aun en el tercer trimestre y que la perspectiva de crecimiento no apunta hacia niveles muy bajos; si a eso le agregamos la baja de impuestos que promete Trump y menores tasas de interés, no es de extrañarse los niveles que vemos ahora.",
    "feedType": "ElEconomistaRSS",
    "newsMedia": "El Economista",
    "section": "Edición completa",
    "author": [
      ""
    ],
    "authors": [
      {
        "name": ""
      },
      {
        "name": ""
      }
    ],
    "fullContent": "NO TEXT FOUND"
  },
  {
    "link": "https://www.eleconomista.com.mx/deportes/super-bowl-2028-atlanta-y-fuera-eu-20241015-730195.html",
    "categories": [
      "deportes"
    ],
    "title": "Super Bowl 2028 en Atlanta y después, fuera de EU",
    "pubDate": "Tue, 15 Oct 2024 21:19:15 -0600",
    "description": "Hoy es posible negociar con la NFL para llevar la Final en el extranjero. La postura del Comisionado cambió gracias al fuerte plan de crecimiento.",
    "feedType": "ElEconomistaRSS",
    "newsMedia": "El Economista",
    "section": "Edición completa",
    "author": [
      ""
    ],
    "authors": [
      {
        "name": ""
      },
      {
        "name": ""
      }
    ],
    "fullContent": "NO TEXT FOUND"
  },
  {
    "link": "https://www.eleconomista.com.mx/mercados/oro-sube-descenso-rendimiento-bonos-20241015-730199.html",
    "categories": [
      "mercados"
    ],
    "title": "Oro sube por descenso de rendimiento de bonos",
    "pubDate": "Tue, 15 Oct 2024 21:15:40 -0600",
    "description": "",
    "feedType": "ElEconomistaRSS",
    "newsMedia": "El Economista",
    "section": "Edición completa",
    "author": [
      ""
    ],
    "authors": [
      {
        "name": ""
      },
      {
        "name": ""
      }
    ],
    "fullContent": "NO TEXT FOUND"
  },
  {
    "link": "https://www.eleconomista.com.mx/mercados/flujo-operativo-america-movil-crece-12-tercer-trimestre-20241015-730198.html",
    "categories": [
      "mercados"
    ],
    "title": "Flujo operativo de América Móvil crece 12% en tercer trimestre",
    "pubDate": "Tue, 15 Oct 2024 21:12:21 -0600",
    "description": "Sus mayores ganancias se favorecieron por la venta de algunas torres y por la caída del peso.",
    "feedType": "ElEconomistaRSS",
    "newsMedia": "El Economista",
    "section": "Edición completa",
    "author": [
      ""
    ],
    "authors": [
      {
        "name": ""
      },
      {
        "name": ""
      }
    ],
    "fullContent": "NO TEXT FOUND"
  },
  {
    "link": "https://www.eleconomista.com.mx/estados/crecimiento-franquicias-nuevo-leon-impulsa-oportunidades-negocio-expo-franquicia-t-20241015-730194.html",
    "categories": [
      "estados"
    ],
    "title": "Crecimiento de franquicias en Nuevo León impulsa oportunidades de negocio en Expo Franquicia-T 2024",
    "pubDate": "Tue, 15 Oct 2024 21:11:47 -0600",
    "description": "Expo Franquicia-T tiene el objetivo de convertirse en una plataforma para conectar e impulsar el desarrollo y expansión de franquicias nuevas, así como marcas ya posicionadas a nivel nacional y extranjeras.",
    "feedType": "ElEconomistaRSS",
    "newsMedia": "El Economista",
    "section": "Edición completa",
    "author": [
      ""
    ],
    "authors": [
      {
        "name": ""
      },
      {
        "name": ""
      }
    ],
    "fullContent": "NO TEXT FOUND"
  },
  {
    "link": "https://www.eleconomista.com.mx/mercados/suscriptores-clave-reporte-trimestral-netflix-20241015-730197.html",
    "categories": [
      "mercados"
    ],
    "title": "Suscriptores, la clave en el reporte trimestral de Netflix",
    "pubDate": "Tue, 15 Oct 2024 21:08:03 -0600",
    "description": "Netflix, la plataforma de streaming con más suscriptores en el mundo, será de las pocas empresas en su sector que registrará beneficios por arriba del 10% en su reporte del tercer trimestre de 2024 en comparación con el trimestre anterior, impulsado por el crecimiento de sus suscriptores, dijeron analistas.",
    "feedType": "ElEconomistaRSS",
    "newsMedia": "El Economista",
    "section": "Edición completa",
    "author": [
      ""
    ],
    "authors": [
      {
        "name": ""
      },
      {
        "name": ""
      }
    ],
    "fullContent": "NO TEXT FOUND"
  },
  {
    "link": "https://www.eleconomista.com.mx/arteseideas/presidenta-cultura-san-lazaro-nula-experiencia-sector-20241015-730192.html",
    "categories": [
      "arteseideas"
    ],
    "title": "Presidenta de Cultura en San Lázaro, con nula experiencia en el sector",
    "pubDate": "Tue, 15 Oct 2024 20:55:40 -0600",
    "description": "La diputada Alma Lidia de la Vega, representante por el estado de Hidalgo, asumirá la Comisión de Cultura y Cinematografía, cuya primera encomienda será analizar, votar y, en su caso, abogar por la no reducción del presupuesto en el PEF para el Ramo 48; es médico cirujana y su trayectoria política la ha desempeñado en áreas de salud y desarrollo social.",
    "feedType": "ElEconomistaRSS",
    "newsMedia": "El Economista",
    "section": "Edición completa",
    "author": [
      ""
    ],
    "authors": [
      {
        "name": ""
      },
      {
        "name": ""
      }
    ],
    "fullContent": "NO TEXT FOUND"
  },
  {
    "link": "https://www.eleconomista.com.mx/economia/imef-recorta-pronostico-crecimiento-1-4-descarta-crisis-economica-20241015-730196.html",
    "categories": [
      "economia"
    ],
    "title": "IMEF recorta pronóstico de crecimiento a 1.4%; descarta crisis económica",
    "pubDate": "Tue, 15 Oct 2024 20:51:45 -0600",
    "description": "El Instituto Mexicano de Ejecutivos de Finanzas recortó nuevamente su pronóstico de crecimiento de México para este y el siguiente año; sin embargo, descartó una crisis económica en el país.",
    "feedType": "ElEconomistaRSS",
    "newsMedia": "El Economista",
    "section": "Edición completa",
    "author": [
      ""
    ],
    "authors": [
      {
        "name": ""
      },
      {
        "name": ""
      }
    ],
    "fullContent": "NO TEXT FOUND"
  },
  {
    "link": "https://www.eleconomista.com.mx/arteseideas/semaforo-lgbtfobico-permite-medir-y-diagnosticar-fenomeno-te-evaluaste-20241015-730190.html",
    "categories": [
      "arteseideas"
    ],
    "title": "El Semáforo LGBTfóbico permite medir y diagnosticar el fenómeno ¿Tú ya te evaluaste?",
    "pubDate": "Tue, 15 Oct 2024 20:49:43 -0600",
    "description": "“Herramientas como el semáforo nos permite visualizar que todo está concatenado. Desde las microviolencias, que van escalando a violencias más peligrosas y riesgosas; todo esto también coarta derechos como el de la salud, a tener una carrera, una profesión, un trabajo, entre otras cosas”, Gerardo Sánchez Guadarrama, creador del semáforo.",
    "feedType": "ElEconomistaRSS",
    "newsMedia": "El Economista",
    "section": "Edición completa",
    "author": [
      ""
    ],
    "authors": [
      {
        "name": ""
      },
      {
        "name": ""
      }
    ],
    "fullContent": "NO TEXT FOUND"
  },
  {
    "link": "https://www.eleconomista.com.mx/opinion/ceo-dialouge-encuentro-dr-jekyll-y-mr-hyde-20241015-730193.html",
    "categories": [
      "opinion"
    ],
    "title": "CEO Dialogue, encuentro con Dr. Jekyll y Mr. Hyde",
    "pubDate": "Tue, 15 Oct 2024 20:39:55 -0600",
    "description": "",
    "feedType": "ElEconomistaRSS",
    "newsMedia": "El Economista",
    "section": "Edición completa",
    "author": [
      ""
    ],
    "authors": [
      {
        "name": ""
      },
      {
        "name": ""
      }
    ],
    "fullContent": "NO TEXT FOUND"
  },
  {
    "link": "https://www.eleconomista.com.mx/sectorfinanciero/banca-mexico-sumo-4-400-mujeres-filas-12-meses-20241015-730191.html",
    "categories": [
      "sectorfinanciero"
    ],
    "title": "Banca en México sumó a casi 4,400 mujeres a sus filas en 12 meses",
    "pubDate": "Tue, 15 Oct 2024 20:37:58 -0600",
    "description": "Hoy, más de la mitad de la plantilla del sector está conformada por colaboradoras.",
    "feedType": "ElEconomistaRSS",
    "newsMedia": "El Economista",
    "section": "Edición completa",
    "author": [
      ""
    ],
    "authors": [
      {
        "name": ""
      },
      {
        "name": ""
      }
    ],
    "fullContent": "NO TEXT FOUND"
  },
  {
    "link": "https://www.eleconomista.com.mx/opinion/miedo-fashion-week-historia-jasive-fernandez-20241015-730189.html",
    "categories": [
      "opinion"
    ],
    "title": "\"Del miedo a Fashion Week\": la historia de Jasive Fernández",
    "pubDate": "Tue, 15 Oct 2024 20:33:28 -0600",
    "description": "",
    "feedType": "ElEconomistaRSS",
    "newsMedia": "El Economista",
    "section": "Edición completa",
    "author": [
      ""
    ],
    "authors": [
      {
        "name": ""
      },
      {
        "name": ""
      }
    ],
    "fullContent": "NO TEXT FOUND"
  },
  {
    "link": "https://www.eleconomista.com.mx/empresas/presidenta-sheinbaum-prometio-seguridad-inversiones-u-s-chamber-of-commerce-20241015-730186.html",
    "categories": [
      "empresas"
    ],
    "title": "Presidenta Sheinbaum prometió seguridad para las inversiones: U.S. Chamber of Commerce",
    "pubDate": "Tue, 15 Oct 2024 20:24:00 -0600",
    "description": "En voz de su presidenta, Suzanne Clark, el organismo aplaudió el mensaje de la mandataria durante la decimo cuarta edición del CEO Dialogue, ya que, dijo las recientes reformas constitucionales en México “han agregado incertidumbre para los inversionistas”.",
    "feedType": "ElEconomistaRSS",
    "newsMedia": "El Economista",
    "section": "Edición completa",
    "author": [
      ""
    ],
    "authors": [
      {
        "name": ""
      },
      {
        "name": ""
      }
    ],
    "fullContent": "NO TEXT FOUND"
  },
  {
    "link": "https://www.eleconomista.com.mx/finanzaspersonales/vas-renegociar-deuda-esto-debes-20241015-730184.html",
    "categories": [
      "finanzaspersonales"
    ],
    "title": "¿Vas a renegociar tu deuda? Esto debes saber",
    "pubDate": "Tue, 15 Oct 2024 20:18:55 -0600",
    "description": "Las deudas pueden quitarnos la estabilidad financiera y la tranquilidad, si tienes compromisos financieros pero no tienes la capacidad de pagarlos, la renegociación es una alternativa. Saber los pormenores de ese proceso es fundamental para tener un trato amigable con tu capacidad financiera.",
    "feedType": "ElEconomistaRSS",
    "newsMedia": "El Economista",
    "section": "Edición completa",
    "author": [
      ""
    ],
    "authors": [
      {
        "name": ""
      },
      {
        "name": ""
      }
    ],
    "fullContent": "NO TEXT FOUND"
  },
  {
    "link": "https://www.eleconomista.com.mx/politica/sheinbaum-reune-empresario-michael-bloomberg-20241015-730183.html",
    "categories": [
      "politica"
    ],
    "title": "Sheinbaum se reúne con el empresario Michael Bloomberg",
    "pubDate": "Tue, 15 Oct 2024 20:07:36 -0600",
    "description": "La presencia del empresario y político estadounidense en México se da en el marco de la cumbre Bloomberg CityLab 2024 que se realiza esta semana en la capital.",
    "feedType": "ElEconomistaRSS",
    "newsMedia": "El Economista",
    "section": "Edición completa",
    "author": [
      ""
    ],
    "authors": [
      {
        "name": ""
      },
      {
        "name": ""
      }
    ],
    "fullContent": "NO TEXT FOUND"
  },
  {
    "link": "https://www.eleconomista.com.mx/politica/genaro-garcia-luna-conocera-suerte-miercoles-20241015-730179.html",
    "categories": [
      "politica"
    ],
    "title": "Genaro García Luna conocerá su suerte este miércoles",
    "pubDate": "Tue, 15 Oct 2024 19:27:27 -0600",
    "description": "La fiscalía pidió el pasado 20 de septiembre cadena perpetua para el que fuera zar antidrogas durante el sexenio de Felipe Calderón.",
    "feedType": "ElEconomistaRSS",
    "newsMedia": "El Economista",
    "section": "Edición completa",
    "author": [
      ""
    ],
    "authors": [
      {
        "name": ""
      },
      {
        "name": ""
      }
    ],
    "fullContent": "NO TEXT FOUND"
  },
  {
    "link": "https://www.eleconomista.com.mx/videos/anuncian-ganadores-premio-nacional-periodismo-20241015-730178.html",
    "categories": [
      "videos"
    ],
    "title": "Anuncian a los ganadores del Premio Nacional de Periodismo 2023",
    "pubDate": "Tue, 15 Oct 2024 19:17:17 -0600",
    "description": "El Consejo Ciudadano presentó este martes a los ganadores del Premio Nacional de Periodismo edición 2023.",
    "feedType": "ElEconomistaRSS",
    "newsMedia": "El Economista",
    "section": "Edición completa",
    "author": [
      ""
    ],
    "authors": [
      {
        "name": ""
      },
      {
        "name": ""
      }
    ],
    "fullContent": "NO TEXT FOUND"
  },
  {
    "link": "https://www.eleconomista.com.mx/empresas/imss-y-sntss-acuerdan-aumento-salarial-8-todas-ramas-20241015-730177.html",
    "categories": [
      "empresas"
    ],
    "title": "IMSS y SNTSS acuerdan aumento salarial de 8% en todas las ramas",
    "pubDate": "Tue, 15 Oct 2024 19:13:59 -0600",
    "description": "El director del Instituto Mexicano del Seguro Social, Zoé Robledo, destacó que junto al sindicato se impulsaron acciones para contratar personal Médico y de Enfermería, de Higiene y Limpieza, tecnología y todas las otras áreas afines.",
    "feedType": "ElEconomistaRSS",
    "newsMedia": "El Economista",
    "section": "Edición completa",
    "author": [
      ""
    ],
    "authors": [
      {
        "name": ""
      },
      {
        "name": ""
      }
    ],
    "fullContent": "NO TEXT FOUND"
  },
  {
    "link": "https://www.eleconomista.com.mx/videos/ceo-dialogue-gobierno-mexico-anuncia-inversiones-20-000-millones-dolares-20241015-730176.html",
    "categories": [
      "videos"
    ],
    "title": "CEO Dialogue: Gobierno de México anuncia inversiones por 20,000 millones de dólares",
    "pubDate": "Tue, 15 Oct 2024 19:04:31 -0600",
    "description": "El secretario de Economía, Marcelo Ebrard, informó que durante el CEO Dialogue se anunciaron inversiones de empresas privadas estadounidenses y mexicanas por más de 20,000 millones de dólares.",
    "feedType": "ElEconomistaRSS",
    "newsMedia": "El Economista",
    "section": "Edición completa",
    "author": [
      ""
    ],
    "authors": [
      {
        "name": ""
      },
      {
        "name": ""
      }
    ],
    "fullContent": "NO TEXT FOUND"
  },
  {
    "link": "https://www.eleconomista.com.mx/tecnologia/china-corea-norte-y-rusia-incrementaron-recultamiento-cibercriminales-advierte-microsoft-20241015-730175.html",
    "categories": [
      "tecnologia"
    ],
    "title": "China, Corea del Norte y Rusia incrementaron recultamiento de cibercriminales, advierte Microsoft",
    "pubDate": "Tue, 15 Oct 2024 19:00:55 -0600",
    "description": "En un reporte, la compañía tecnológica observa que el ritmo de ciberataques patrocinados por los Estados-nación ha escalado al punto de que \"hay efectivamente un constante combate en el ciberespacio sin significativas consecuentas para el atacante\".",
    "feedType": "ElEconomistaRSS",
    "newsMedia": "El Economista",
    "section": "Edición completa",
    "author": [
      ""
    ],
    "authors": [
      {
        "name": ""
      },
      {
        "name": ""
      }
    ],
    "fullContent": "NO TEXT FOUND"
  },
  {
    "link": "https://www.eleconomista.com.mx/estados/cancun-destaca-mayor-numero-nuevos-cuartos-hoteleros-nivel-nacional-20241015-730174.html",
    "categories": [
      "estados"
    ],
    "title": "Cancún destaca por el mayor número de nuevos cuartos hoteleros a nivel nacional",
    "pubDate": "Tue, 15 Oct 2024 18:52:39 -0600",
    "description": "La Encuesta sobre las Intenciones de los Inversionistas Hoteleros a nivel regional 2024 realizada por CBRE, destaca que alrededor del 64% de los inversionistas aseguran que los hoteles de lujo seguirán obteniendo buenos resultados este año.",
    "feedType": "ElEconomistaRSS",
    "newsMedia": "El Economista",
    "section": "Edición completa",
    "author": [
      ""
    ],
    "authors": [
      {
        "name": ""
      },
      {
        "name": ""
      }
    ],
    "fullContent": "NO TEXT FOUND"
  },
  {
    "link": "https://www.eleconomista.com.mx/estados/suecia-busca-ampliar-presencia-sectores-clave-mexico-embajador-gunnar-alden-20241015-730173.html",
    "categories": [
      "estados"
    ],
    "title": "Arranca la construcción de la planta de Volvo en Ciénega de Flores",
    "pubDate": "Tue, 15 Oct 2024 18:45:11 -0600",
    "description": "El embajador de Suecia en México, Gunnar Alden comentó que además de la histórica relación de su país con México en el sector automotriz, exploran nuevas áreas para inversión, como ciencias de la vida, energía, digitalización y minería, con un enfoque en fortalecer la colaboración con el estado de Nuevo León.",
    "feedType": "ElEconomistaRSS",
    "newsMedia": "El Economista",
    "section": "Edición completa",
    "author": [
      ""
    ],
    "authors": [
      {
        "name": ""
      },
      {
        "name": ""
      }
    ],
    "fullContent": "NO TEXT FOUND"
  },
  {
    "link": "https://www.eleconomista.com.mx/estados/quintana-roo-segundo-nivel-nacional-mayor-plusvalia-bienes-raices-20241015-730172.html",
    "categories": [
      "estados"
    ],
    "title": "Quintana Roo, el segundo a nivel nacional con mayor plusvalía en bienes raíces",
    "pubDate": "Tue, 15 Oct 2024 18:40:36 -0600",
    "description": "Benito Juárez (Cancún) se coloca en cuarto lugar nacional entre los municipios de todo el país con una plusvalía anualizada del 13 por ciento.",
    "feedType": "ElEconomistaRSS",
    "newsMedia": "El Economista",
    "section": "Edición completa",
    "author": [
      ""
    ],
    "authors": [
      {
        "name": ""
      },
      {
        "name": ""
      }
    ],
    "fullContent": "NO TEXT FOUND"
  },
  {
    "link": "https://www.eleconomista.com.mx/opinion/seguridad-propuso-negar-realidad-20241015-730171.html",
    "categories": [
      "opinion"
    ],
    "title": "Seguridad. ¿quién propuso negar la realidad?",
    "pubDate": "Tue, 15 Oct 2024 18:40:07 -0600",
    "description": "",
    "feedType": "ElEconomistaRSS",
    "newsMedia": "El Economista",
    "section": "Edición completa",
    "author": [
      ""
    ],
    "authors": [
      {
        "name": ""
      },
      {
        "name": ""
      }
    ],
    "fullContent": "NO TEXT FOUND"
  },
  {
    "link": "https://www.eleconomista.com.mx/arteseideas/radiaciones-ionizantes-actualizacion-30-anos-20241015-730170.html",
    "categories": [
      "arteseideas"
    ],
    "title": "Radiaciones no ionizantes, sin actualización en más de 30 años",
    "pubDate": "Tue, 15 Oct 2024 18:30:46 -0600",
    "description": "Metalurgia, industria médica, telecomunicaciones y todo lo que requiere de fuentes eléctricas y generadores, transformadores, líneas de transmisión, sector eléctrico, es decir las microondas que se utilizan en muchas industrias juntan millones de trabajadores expuestos a este tipo de radiación y que carecen de alguna protección para este tema.",
    "feedType": "ElEconomistaRSS",
    "newsMedia": "El Economista",
    "section": "Edición completa",
    "author": [
      ""
    ],
    "authors": [
      {
        "name": ""
      },
      {
        "name": ""
      }
    ],
    "fullContent": "NO TEXT FOUND"
  },
  {
    "link": "https://www.eleconomista.com.mx/arteseideas/anuncian-ganadores-premio-nacional-periodismo-20241015-730167.html",
    "categories": [
      "arteseideas"
    ],
    "title": "Anuncian a los ganadores del Premio Nacional de Periodismo 2023",
    "pubDate": "Tue, 15 Oct 2024 18:29:01 -0600",
    "description": "El Consejo Ciudadano presentó este martes a los ganadores del Premio Nacional de Periodismo edición 2023.",
    "feedType": "ElEconomistaRSS",
    "newsMedia": "El Economista",
    "section": "Edición completa",
    "author": [
      ""
    ],
    "authors": [
      {
        "name": ""
      },
      {
        "name": ""
      }
    ],
    "fullContent": "NO TEXT FOUND"
  },
  {
    "link": "https://www.eleconomista.com.mx/estados/seguridad-y-mejores-servicios-retos-nuevo-ayuntamiento-puebla-coe-20241015-730169.html",
    "categories": [
      "estados"
    ],
    "title": "Seguridad y mejores servicios, retos del nuevo ayuntamiento de Puebla: COE",
    "pubDate": "Tue, 15 Oct 2024 18:25:31 -0600",
    "description": "César Bonilla Yunes, presidente del Consejo de Organismos Empresariales, resaltó que darán el respaldo a la administración municipal encabezada por José Chedraui Budib.",
    "feedType": "ElEconomistaRSS",
    "newsMedia": "El Economista",
    "section": "Edición completa",
    "author": [
      ""
    ],
    "authors": [
      {
        "name": ""
      },
      {
        "name": ""
      }
    ],
    "fullContent": "NO TEXT FOUND"
  },
  {
    "link": "https://www.eleconomista.com.mx/videos/ucrania-busca-proteger-infraestructura-electrica-ataques-rusia-invierno-20241015-730168.html",
    "categories": [
      "videos"
    ],
    "title": "Ucrania busca proteger su infraestructura eléctrica de ataques de Rusia en invierno",
    "pubDate": "Tue, 15 Oct 2024 18:16:39 -0600",
    "description": "El presidente de Ucrania, Volodimir Zelenski, ha abordado este martes una serie de reuniones para estudiar posibles nuevas medidas de protección de la infraestructura energética del país ante posibles nuevos ataque rusos de cara a la llegada del invierno.",
    "feedType": "ElEconomistaRSS",
    "newsMedia": "El Economista",
    "section": "Edición completa",
    "author": [
      ""
    ],
    "authors": [
      {
        "name": ""
      },
      {
        "name": ""
      }
    ],
    "fullContent": "NO TEXT FOUND"
  },
  {
    "link": "https://www.eleconomista.com.mx/videos/eu-pide-israel-mejorar-situacion-humanitaria-gaza-30-dias-violar-ley-armamento-20241015-730166.html",
    "categories": [
      "videos"
    ],
    "title": "EU pide a Israel mejorar situación humanitaria en Gaza en 30 días para no violar ley de armamento",
    "pubDate": "Tue, 15 Oct 2024 18:03:06 -0600",
    "description": "El Departamento de Estado confirma que se envió la carta aunque reconoce que no espera que Israel lleve a cabo estos cambios \"de la noche a la mañana\"",
    "feedType": "ElEconomistaRSS",
    "newsMedia": "El Economista",
    "section": "Edición completa",
    "author": [
      ""
    ],
    "authors": [
      {
        "name": ""
      },
      {
        "name": ""
      }
    ],
    "fullContent": "NO TEXT FOUND"
  },
  {
    "link": "https://www.eleconomista.com.mx/videos/netanyahu-rechaza-acuerdo-alto-fuego-impida-rearme-hezbola-20241015-730165.html",
    "categories": [
      "videos"
    ],
    "title": "Netanyahu rechaza un acuerdo de alto al fuego que no impida el rearme de Hezbolá",
    "pubDate": "Tue, 15 Oct 2024 17:57:46 -0600",
    "description": "Macron ha pedido un alto al fuego entre Israel y Hezbolá, respaldado por Irán, así como el fin de las exportaciones de armas utilizadas en la Franja de Gaza y Líbano.",
    "feedType": "ElEconomistaRSS",
    "newsMedia": "El Economista",
    "section": "Edición completa",
    "author": [
      ""
    ],
    "authors": [
      {
        "name": ""
      },
      {
        "name": ""
      }
    ],
    "fullContent": "NO TEXT FOUND"
  },
  {
    "link": "https://www.eleconomista.com.mx/videos/peso-mexicano-cae-fortaleza-dolar-pierde-1-20241015-730164.html",
    "categories": [
      "videos"
    ],
    "title": "Peso mexicano cae ante fortaleza del dólar; pierde 1.56%",
    "pubDate": "Tue, 15 Oct 2024 17:52:41 -0600",
    "description": "La divisa local cedió terreno ante el fortalecimiento del billete verde en un mercado que analizaba débiles cifras divulgadas sobre el sector manufacturero en Estados Unidos.",
    "feedType": "ElEconomistaRSS",
    "newsMedia": "El Economista",
    "section": "Edición completa",
    "author": [
      ""
    ],
    "authors": [
      {
        "name": ""
      },
      {
        "name": ""
      }
    ],
    "fullContent": "NO TEXT FOUND"
  },
  {
    "link": "https://www.eleconomista.com.mx/mercados/ingresos-america-movil-crecieron-10-tercer-trimestre-20241015-730163.html",
    "categories": [
      "mercados"
    ],
    "title": "Ingresos de América Móvil crecieron casi 10% en el tercer trimestre",
    "pubDate": "Tue, 15 Oct 2024 17:28:02 -0600",
    "description": "El beneficio neto del gigante de telecomunicaciones aumentó un 217% hasta alcanzar los 6,430 millones de pesos mexicanos.",
    "feedType": "ElEconomistaRSS",
    "newsMedia": "El Economista",
    "section": "Edición completa",
    "author": [
      ""
    ],
    "authors": [
      {
        "name": ""
      },
      {
        "name": ""
      }
    ],
    "fullContent": "NO TEXT FOUND"
  },
  {
    "link": "https://www.eleconomista.com.mx/videos/u-s-mexico-ceo-dialogue-2024-comenzo-defensa-t-mec-sheinbaum-20241015-730162.html",
    "categories": [
      "videos"
    ],
    "title": "Con el U.S. México CEO Dialogue 2024 comenzó la defensa del T-MEC: Sheinbaum",
    "pubDate": "Tue, 15 Oct 2024 17:22:49 -0600",
    "description": "La administración de la presidenta Claudia Sheinbaum destacó que con el U.S. México CEO Dialogue 2024, celebrado este martes en la Ciudad de México, comenzó la defensa del Tratado entre México, Estados Unidos y Canadá.",
    "feedType": "ElEconomistaRSS",
    "newsMedia": "El Economista",
    "section": "Edición completa",
    "author": [
      ""
    ],
    "authors": [
      {
        "name": ""
      },
      {
        "name": ""
      }
    ],
    "fullContent": "NO TEXT FOUND"
  },
  {
    "link": "https://www.eleconomista.com.mx/politica/gobierno-sinaloa-fortalece-comercio-electronico-100-millones-pesos-ventas-20241015-730161.html",
    "categories": [
      "politica"
    ],
    "title": "Gobierno de Sinaloa fortalece el comercio electrónico, van más de 100 millones de pesos en ventas",
    "pubDate": "Tue, 15 Oct 2024 17:22:43 -0600",
    "description": "",
    "feedType": "ElEconomistaRSS",
    "newsMedia": "El Economista",
    "section": "Edición completa",
    "author": [
      ""
    ],
    "authors": [
      {
        "name": ""
      },
      {
        "name": ""
      }
    ],
    "fullContent": "NO TEXT FOUND"
  },
  {
    "link": "https://www.eleconomista.com.mx/estados/franquicias-sortean-inflacion-queretaro-20241015-730160.html",
    "categories": [
      "estados"
    ],
    "title": "Franquicias sortean inflación en Querétaro",
    "pubDate": "Tue, 15 Oct 2024 16:58:15 -0600",
    "description": "El vicepresidente de la AMF en el Bajío, César Aranday, confió en que el sector tenga un buen cierre de año, motivado por los dos primeros cuatrimestres del 2024, así como la influencia de eventos regionales especializados en franquicias.",
    "feedType": "ElEconomistaRSS",
    "newsMedia": "El Economista",
    "section": "Edición completa",
    "author": [
      ""
    ],
    "authors": [
      {
        "name": ""
      },
      {
        "name": ""
      }
    ],
    "fullContent": "NO TEXT FOUND"
  },
  {
    "link": "https://www.eleconomista.com.mx/deportes/yankees-y-tarea-evitar-generacion-perdida-20241015-730159.html",
    "categories": [
      "deportes"
    ],
    "title": "Yankees y la tarea de evitar otra generación perdida",
    "pubDate": "Tue, 15 Oct 2024 16:52:16 -0600",
    "description": "El equipo más ganador de MLB acecha 15 años sin ganar la Serie Mundial. No conseguirlo en 2024 significaría un golpe más a su historial de rósters poderosos, ahora liderado por el tridente Judge-Soto-Stanton.",
    "feedType": "ElEconomistaRSS",
    "newsMedia": "El Economista",
    "section": "Edición completa",
    "author": [
      ""
    ],
    "authors": [
      {
        "name": ""
      },
      {
        "name": ""
      }
    ],
    "fullContent": "NO TEXT FOUND"
  },
  {
    "link": "https://www.eleconomista.com.mx/videos/presidente-nicaragua-califica-netanyahu-hijo-demonio-20241015-730158.html",
    "categories": [
      "videos"
    ],
    "title": "Presidente de Nicaragua califica a Netanyahu de “hijo del demonio”",
    "pubDate": "Tue, 15 Oct 2024 16:46:50 -0600",
    "description": "El presidente de Nicaragua, Daniel Ortega, fustigó el lunes al primer ministro de Israel, Benjamin Netanyahu, por la guerra en Gaza al afirmar que es “hijo del demonio”.",
    "feedType": "ElEconomistaRSS",
    "newsMedia": "El Economista",
    "section": "Edición completa",
    "author": [
      ""
    ],
    "authors": [
      {
        "name": ""
      },
      {
        "name": ""
      }
    ],
    "fullContent": "NO TEXT FOUND"
  },
  {
    "link": "https://www.eleconomista.com.mx/politica/michoacan-consolida-destino-turistico-y-escaparate-cultural-20241015-730157.html",
    "categories": [
      "politica"
    ],
    "title": "Michoacán se consolida como destino turístico y escaparate cultural",
    "pubDate": "Tue, 15 Oct 2024 16:45:50 -0600",
    "description": "",
    "feedType": "ElEconomistaRSS",
    "newsMedia": "El Economista",
    "section": "Edición completa",
    "author": [
      ""
    ],
    "authors": [
      {
        "name": ""
      },
      {
        "name": ""
      }
    ],
    "fullContent": "NO TEXT FOUND"
  },
  {
    "link": "https://www.eleconomista.com.mx/mercados/wall-street-cierra-perdidas-jornada-repleta-informes-trimestrales-20241015-730156.html",
    "categories": [
      "mercados"
    ],
    "title": "Wall Street cierra con pérdidas en una jornada repleta de informes trimestrales",
    "pubDate": "Tue, 15 Oct 2024 16:44:52 -0600",
    "description": "Los promedios bursátiles en Estados Unidos cayeron, en una jornada en la que los inversionistas analizaban una batería amplia de reportes corporativos del 3T.",
    "feedType": "ElEconomistaRSS",
    "newsMedia": "El Economista",
    "section": "Edición completa",
    "author": [
      ""
    ],
    "authors": [
      {
        "name": ""
      },
      {
        "name": ""
      }
    ],
    "fullContent": "NO TEXT FOUND"
  },
  {
    "link": "https://www.eleconomista.com.mx/videos/harris-pone-duda-salud-mental-trump-recital-canciones-acto-electoral-20241015-730155.html",
    "categories": [
      "videos"
    ],
    "title": "Harris pone en duda la salud mental de Trump tras recital de canciones en acto electoral",
    "pubDate": "Tue, 15 Oct 2024 16:44:11 -0600",
    "description": "La velada electoral dio así un giro inusual durante más de treinta minutos, con el expresidente balanceándose de pie, micrófono en mano.",
    "feedType": "ElEconomistaRSS",
    "newsMedia": "El Economista",
    "section": "Edición completa",
    "author": [
      ""
    ],
    "authors": [
      {
        "name": ""
      },
      {
        "name": ""
      }
    ],
    "fullContent": "NO TEXT FOUND"
  },
  {
    "link": "https://www.eleconomista.com.mx/videos/trump-advierte-mexico-vender-coche-eu-presidente-20241015-730154.html",
    "categories": [
      "videos"
    ],
    "title": "Trump advierte que México \"no va a vender ni un solo\" coche en EU si él es presidente",
    "pubDate": "Tue, 15 Oct 2024 16:34:49 -0600",
    "description": "Donald Trump afirmó este martes que México \"no va a vender ni un solo coche en Estados Unidos\" si él gana las elecciones, porque prevé imponer aranceles \"terribles\" para \"traer de vuelta\" a las empresas al país.",
    "feedType": "ElEconomistaRSS",
    "newsMedia": "El Economista",
    "section": "Edición completa",
    "author": [
      ""
    ],
    "authors": [
      {
        "name": ""
      },
      {
        "name": ""
      }
    ],
    "fullContent": "NO TEXT FOUND"
  },
  {
    "link": "https://www.eleconomista.com.mx/estados/cmic-jalisco-advierte-competencia-desleal-y-afectacion-empleo-mega-constructora-infonavit-20241015-730153.html",
    "categories": [
      "estados"
    ],
    "title": "CMIC Jalisco advierte \"competencia desleal\" y afectación al empleo con mega constructora de Infonavit",
    "pubDate": "Tue, 15 Oct 2024 16:28:00 -0600",
    "description": "La Cámara de la Construcción propone nuevos esquemas de coinversión para que los desarrolladores puedan construir vivienda asequible.",
    "feedType": "ElEconomistaRSS",
    "newsMedia": "El Economista",
    "section": "Edición completa",
    "author": [
      ""
    ],
    "authors": [
      {
        "name": ""
      },
      {
        "name": ""
      }
    ],
    "fullContent": "NO TEXT FOUND"
  },
  {
    "link": "https://www.eleconomista.com.mx/estados/operaciones-inmobiliarias-jalisco-crecen-10-comparacion-2023-ampi-20241015-730152.html",
    "categories": [
      "estados"
    ],
    "title": "Operaciones inmobiliarias en Jalisco crecen 10% en comparación con 2023: AMPI",
    "pubDate": "Tue, 15 Oct 2024 16:25:15 -0600",
    "description": "Al cierre de septiembre de este año, se habían registrado 110,000 operaciones de compra-venta de vivienda y aún faltan sumar las del último trimestre de 2024.",
    "feedType": "ElEconomistaRSS",
    "newsMedia": "El Economista",
    "section": "Edición completa",
    "author": [
      ""
    ],
    "authors": [
      {
        "name": ""
      },
      {
        "name": ""
      }
    ],
    "fullContent": "NO TEXT FOUND"
  },
  {
    "link": "https://www.eleconomista.com.mx/estados/canacintra-puebla-considera-urgente-federacion-impulse-construccion-nuevos-parques-industriales-20241015-730151.html",
    "categories": [
      "estados"
    ],
    "title": "Canacintra en Puebla considera urgente que Federación impulse construcción de nuevos parques industriales",
    "pubDate": "Tue, 15 Oct 2024 16:16:33 -0600",
    "description": "El presidente de la Cámara Nacional de la Industria de Transformación (Canacintra) de Puebla dijo que se buscará un acercamiento en las próximas semanas para conocer los alcances del plan del gobierno federal y a qué tiempo se detonará.",
    "feedType": "ElEconomistaRSS",
    "newsMedia": "El Economista",
    "section": "Edición completa",
    "author": [
      ""
    ],
    "authors": [
      {
        "name": ""
      },
      {
        "name": ""
      }
    ],
    "fullContent": "NO TEXT FOUND"
  },
  {
    "link": "https://www.eleconomista.com.mx/mercados/bmv-avanza-inicio-temporada-local-reportes-trimestrales-20241015-730150.html",
    "categories": [
      "mercados"
    ],
    "title": "BMV avanza en inicio de la temporada local de reportes trimestrales",
    "pubDate": "Tue, 15 Oct 2024 16:16:12 -0600",
    "description": "Las acciones de América Móvil, de Carlos Slim, subieron poco más de 2%, en un mercado que esperaba sus resultados del tercer trimestre.",
    "feedType": "ElEconomistaRSS",
    "newsMedia": "El Economista",
    "section": "Edición completa",
    "author": [
      ""
    ],
    "authors": [
      {
        "name": ""
      },
      {
        "name": ""
      }
    ],
    "fullContent": "NO TEXT FOUND"
  },
  {
    "link": "https://www.eleconomista.com.mx/estados/queretaro-registra-alta-demanda-especialistas-contabilidad-ccpq-20241015-730149.html",
    "categories": [
      "estados"
    ],
    "title": "Querétaro registra alta demanda de especialistas en contabilidad: CCPQ",
    "pubDate": "Tue, 15 Oct 2024 16:12:50 -0600",
    "description": "El presidente del CCPQ, Carlos Bautista Sánchez, destacó que las carreras de contabilidad y de áreas afines son altamente demandadas en el mercado laboral.",
    "feedType": "ElEconomistaRSS",
    "newsMedia": "El Economista",
    "section": "Edición completa",
    "author": [
      ""
    ],
    "authors": [
      {
        "name": ""
      },
      {
        "name": ""
      }
    ],
    "fullContent": "NO TEXT FOUND"
  },
  {
    "link": "https://www.eleconomista.com.mx/opinion/herencia-hispana-20241015-730148.html",
    "categories": [
      "opinion"
    ],
    "title": "Herencia hispana",
    "pubDate": "Tue, 15 Oct 2024 16:02:55 -0600",
    "description": "",
    "feedType": "ElEconomistaRSS",
    "newsMedia": "El Economista",
    "section": "Edición completa",
    "author": [
      ""
    ],
    "authors": [
      {
        "name": ""
      },
      {
        "name": ""
      }
    ],
    "fullContent": "NO TEXT FOUND"
  },
  {
    "link": "https://www.eleconomista.com.mx/arteseideas/rosy-ocampo-presenta-libro-showrunning-entretenimiento-impacto-social-20241015-730147.html",
    "categories": [
      "arteseideas"
    ],
    "title": "Rosy Ocampo presenta su libro \"Showrunning para el entretenimiento con impacto social\"",
    "pubDate": "Tue, 15 Oct 2024 15:58:39 -0600",
    "description": "En el libro destacan los esfuerzos por fortalecer el potencial del entretenimiento como medio de transformación del pensamiento y la reflexión.",
    "feedType": "ElEconomistaRSS",
    "newsMedia": "El Economista",
    "section": "Edición completa",
    "author": [
      ""
    ],
    "authors": [
      {
        "name": ""
      },
      {
        "name": ""
      }
    ],
    "fullContent": "NO TEXT FOUND"
  },
  {
    "link": "https://www.eleconomista.com.mx/sectorfinanciero/pagos-instantaneos-prometen-revolucion-implican-retos-banca-20241015-730146.html",
    "categories": [
      "sectorfinanciero"
    ],
    "title": "Pagos instantáneos prometen revolución, pero implican retos para la banca",
    "pubDate": "Tue, 15 Oct 2024 15:57:19 -0600",
    "description": "Las proyecciones del estudio del Instituto de Investigación Capgemini indican que en el 2028, los pagos instantáneos representarán 22% del volumen total de transacciones realizadas sin efectivo.",
    "feedType": "ElEconomistaRSS",
    "newsMedia": "El Economista",
    "section": "Edición completa",
    "author": [
      ""
    ],
    "authors": [
      {
        "name": ""
      },
      {
        "name": ""
      }
    ],
    "fullContent": "NO TEXT FOUND"
  },
  {
    "link": "https://www.eleconomista.com.mx/internacionales/ucrania-busca-proteger-infraestructura-electrica-ataques-rusia-invierno-20241015-730145.html",
    "categories": [
      "internacionales"
    ],
    "title": "Ucrania busca proteger su infraestructura eléctrica de ataques de Rusia en invierno",
    "pubDate": "Tue, 15 Oct 2024 15:54:31 -0600",
    "description": "La reunión ha servido para elaborar planes para reparar los posibles futuros daños lo antes posible, así como para abordar la descentralización de los proveedores de energía.",
    "feedType": "ElEconomistaRSS",
    "newsMedia": "El Economista",
    "section": "Edición completa",
    "author": [
      ""
    ],
    "authors": [
      {
        "name": ""
      },
      {
        "name": ""
      }
    ],
    "fullContent": "NO TEXT FOUND"
  },
  {
    "link": "https://www.eleconomista.com.mx/empresas/leva-invierte-producto-inversion-tasas-mas-altas-mercado-20241015-730140.html",
    "categories": [
      "empresas"
    ],
    "title": "Leva Invierte: el producto de inversión con una de las tasas más altas del mercado",
    "pubDate": "Tue, 15 Oct 2024 15:50:02 -0600",
    "description": "Invertir es tan fácil como ingresar al sitio levainvierte.com , dar clic en “Quiero invertir”, subir tus documentos y realizar una transferencia o depósito para la inversión.",
    "feedType": "ElEconomistaRSS",
    "newsMedia": "El Economista",
    "section": "Edición completa",
    "author": [
      ""
    ],
    "authors": [
      {
        "name": ""
      },
      {
        "name": ""
      }
    ],
    "fullContent": "NO TEXT FOUND"
  },
  {
    "link": "https://www.eleconomista.com.mx/empresas/mexico-debe-crear-propio-mecanismo-respuesta-rapida-atender-quejas-laborales-coinciden-expertos-20241015-730144.html",
    "categories": [
      "empresas"
    ],
    "title": "México debe crear su propio mecanismo de respuesta rápida para atender quejas laborales, coinciden expertos",
    "pubDate": "Tue, 15 Oct 2024 15:48:07 -0600",
    "description": "María de los Ángeles López, presidenta Nacional de la Academia Mexicana del Derecho del Trabajo y la Previsión Social,  destacó que hasta ahora los agregados laborales, al menos de Canadá, han llamado la atención porque México “se ha hecho pato” en la atención a los derechos laborales y el respeto a la sindicalización.",
    "feedType": "ElEconomistaRSS",
    "newsMedia": "El Economista",
    "section": "Edición completa",
    "author": [
      ""
    ],
    "authors": [
      {
        "name": ""
      },
      {
        "name": ""
      }
    ],
    "fullContent": "NO TEXT FOUND"
  },
  {
    "link": "https://www.eleconomista.com.mx/internacionales/eu-pide-israel-mejorar-situacion-humanitaria-gaza-30-dias-violar-ley-armamento-20241015-730143.html",
    "categories": [
      "internacionales"
    ],
    "title": "EU pide a Israel mejorar situación humanitaria en Gaza en 30 días para no violar ley de armamento",
    "pubDate": "Tue, 15 Oct 2024 15:30:08 -0600",
    "description": "El Departamento de Estado confirma que se envió la carta aunque reconoce que no espera que Israel lleve a cabo estos cambios \"de la noche a la mañana\"",
    "feedType": "ElEconomistaRSS",
    "newsMedia": "El Economista",
    "section": "Edición completa",
    "author": [
      ""
    ],
    "authors": [
      {
        "name": ""
      },
      {
        "name": ""
      }
    ],
    "fullContent": "NO TEXT FOUND"
  },
  {
    "link": "https://www.eleconomista.com.mx/empresas/u-s-mexico-ceo-dialogue-2024-comenzo-defensa-t-mec-sheinbaum-20241015-730142.html",
    "categories": [
      "empresas"
    ],
    "title": "Con el U.S. México CEO Dialogue 2024 comenzó la defensa del T-MEC: Sheinbaum",
    "pubDate": "Tue, 15 Oct 2024 15:25:53 -0600",
    "description": "El proceso de revisión de T-MEC comenzará en el segundo semestre de 2025, en el contexto de la guerra comercial-tecnológica entre Estados Unidos y China.",
    "feedType": "ElEconomistaRSS",
    "newsMedia": "El Economista",
    "section": "Edición completa",
    "author": [
      ""
    ],
    "authors": [
      {
        "name": ""
      },
      {
        "name": ""
      }
    ],
    "fullContent": "NO TEXT FOUND"
  },
  {
    "link": "https://www.eleconomista.com.mx/internacionales/netanyahu-rechaza-acuerdo-alto-fuego-impida-rearme-hezbola-20241015-730141.html",
    "categories": [
      "internacionales"
    ],
    "title": "Netanyahu rechaza un acuerdo de alto al fuego que no impida el rearme de Hezbolá",
    "pubDate": "Tue, 15 Oct 2024 15:11:25 -0600",
    "description": "Macron ha pedido un alto al fuego entre Israel y Hezbolá, respaldado por Irán, así como el fin de las exportaciones de armas utilizadas en la Franja de Gaza y Líbano.",
    "feedType": "ElEconomistaRSS",
    "newsMedia": "El Economista",
    "section": "Edición completa",
    "author": [
      ""
    ],
    "authors": [
      {
        "name": ""
      },
      {
        "name": ""
      }
    ],
    "fullContent": "NO TEXT FOUND"
  },
  {
    "link": "https://www.eleconomista.com.mx/empresas/promocion-turistica-haga-mexico-llegara-corazon-viajeros-josefina-rodriguez-20241015-730139.html",
    "categories": [
      "empresas"
    ],
    "title": "Sectur alista nueva clasificación de los 177 Pueblos Mágicos",
    "pubDate": "Tue, 15 Oct 2024 14:58:09 -0600",
    "description": "La Secretaría de Turismo, Josefina Rodríguez, adelantó que se prepara una nueva clasificación de los 177 Pueblos Mágicos con base en su infraestructura, atractivos o conectividad, para mostrar a los turistas su real oferta.",
    "feedType": "ElEconomistaRSS",
    "newsMedia": "El Economista",
    "section": "Edición completa",
    "author": [
      ""
    ],
    "authors": [
      {
        "name": ""
      },
      {
        "name": ""
      }
    ],
    "fullContent": "NO TEXT FOUND"
  },
  {
    "link": "https://www.eleconomista.com.mx/mercados/precio-dolar-hoy-15-octubre-2024-cerro-20241015-730138.html",
    "categories": [
      "mercados"
    ],
    "title": "Peso mexicano cae ante fortaleza del dólar; pierde 1.56%",
    "pubDate": "Tue, 15 Oct 2024 14:56:37 -0600",
    "description": "La divisa local cedió terreno ante el fortalecimiento del billete verde en un mercado que analizaba débiles cifras divulgadas sobre el sector manufacturero en Estados Unidos.",
    "feedType": "ElEconomistaRSS",
    "newsMedia": "El Economista",
    "section": "Edición completa",
    "author": [
      ""
    ],
    "authors": [
      {
        "name": ""
      },
      {
        "name": ""
      }
    ],
    "fullContent": "NO TEXT FOUND"
  },
  {
    "link": "https://www.eleconomista.com.mx/internacionales/harris-pone-duda-salud-mental-trump-recital-canciones-acto-electoral-20241015-730137.html",
    "categories": [
      "internacionales"
    ],
    "title": "Harris pone en duda la salud mental de Trump tras recital de canciones en acto electoral",
    "pubDate": "Tue, 15 Oct 2024 14:44:26 -0600",
    "description": "La velada electoral dio así un giro inusual durante más de treinta minutos, con el expresidente balanceándose de pie, micrófono en mano.",
    "feedType": "ElEconomistaRSS",
    "newsMedia": "El Economista",
    "section": "Edición completa",
    "author": [
      ""
    ],
    "authors": [
      {
        "name": ""
      },
      {
        "name": ""
      }
    ],
    "fullContent": "NO TEXT FOUND"
  },
  {
    "link": "https://www.eleconomista.com.mx/mercados/precios-petroleo-caen-4-temores-sobre-demanda-20241015-730136.html",
    "categories": [
      "mercados"
    ],
    "title": "Precios del petróleo caen 4% por temores sobre la demanda",
    "pubDate": "Tue, 15 Oct 2024 14:40:23 -0600",
    "description": "Tanto la Organización de Países Exportadores de Petróleo, como la Agencia Internacional de la Energía han recortado esta semana sus previsiones de crecimiento de la demanda mundial de petróleo para 2024.",
    "feedType": "ElEconomistaRSS",
    "newsMedia": "El Economista",
    "section": "Edición completa",
    "author": [
      ""
    ],
    "authors": [
      {
        "name": ""
      },
      {
        "name": ""
      }
    ],
    "fullContent": "NO TEXT FOUND"
  },
  {
    "link": "https://www.eleconomista.com.mx/estados/arranca-construccion-planta-volvo-cienega-flores-20241015-730135.html",
    "categories": [
      "estados"
    ],
    "title": "Arranca la construcción de la planta de Volvo en Ciénega de Flores",
    "pubDate": "Tue, 15 Oct 2024 14:31:32 -0600",
    "description": "La planta de Volvo Group, es la mayor inversión registrada en el estado en los últimos tres años, con 700 millones de dólares, indicó el gobernador de Nuevo León, Samuel García.",
    "feedType": "ElEconomistaRSS",
    "newsMedia": "El Economista",
    "section": "Edición completa",
    "author": [
      ""
    ],
    "authors": [
      {
        "name": ""
      },
      {
        "name": ""
      }
    ],
    "fullContent": "NO TEXT FOUND"
  },
  {
    "link": "https://www.eleconomista.com.mx/videos/sindicatos-transportistas-peru-convocan-huelga-negativa-gobierno-derogar-ley-sobre-crimen-organizado-20241015-730134.html",
    "categories": [
      "videos"
    ],
    "title": "Sindicatos de transportistas de Perú convocan a huelga tras negativa del gobierno a derogar la ley sobre crimen organizado",
    "pubDate": "Tue, 15 Oct 2024 14:23:59 -0600",
    "description": "A pesar de que el Gobierno impuso el estado de emergencia en gran parte de la capital peruana este tipo de sucesos se producen semanalmente.",
    "feedType": "ElEconomistaRSS",
    "newsMedia": "El Economista",
    "section": "Edición completa",
    "author": [
      ""
    ],
    "authors": [
      {
        "name": ""
      },
      {
        "name": ""
      }
    ],
    "fullContent": "NO TEXT FOUND"
  },
  {
    "link": "https://www.eleconomista.com.mx/videos/onu-advierte-catastrofe-humanitaria-sequia-historica-sur-africa-20241015-730133.html",
    "categories": [
      "videos"
    ],
    "title": "ONU advierte de una \"catástrofe humanitaria\" por sequía histórica en el sur de África",
    "pubDate": "Tue, 15 Oct 2024 14:16:10 -0600",
    "description": "El organismo de la ONU \"lanza un llamado de ayuda urgente para evitar que la sequía generalizada desencadenada por el fenómeno El Niño se transforme en una catástrofe humanitaria.",
    "feedType": "ElEconomistaRSS",
    "newsMedia": "El Economista",
    "section": "Edición completa",
    "author": [
      ""
    ],
    "authors": [
      {
        "name": ""
      },
      {
        "name": ""
      }
    ],
    "fullContent": "NO TEXT FOUND"
  },
  {
    "link": "https://www.eleconomista.com.mx/empresas/negocio-mundial-mensajes-texto-perdera-19-000-millones-dolares-2024-y-20241015-730132.html",
    "categories": [
      "empresas"
    ],
    "title": "El negocio mundial de mensajes de texto perderá 19,000 millones de dólares entre 2024 y 2029",
    "pubDate": "Tue, 15 Oct 2024 14:13:34 -0600",
    "description": "La firma de consultoría Juniper Research predice que los ingresos mundiales por este servicio se reducirían de una facturación de 66,000 millones de dólares en 2024, a 47,000 millones de dólares para el año 2029.",
    "feedType": "ElEconomistaRSS",
    "newsMedia": "El Economista",
    "section": "Edición completa",
    "author": [
      ""
    ],
    "authors": [
      {
        "name": ""
      },
      {
        "name": ""
      }
    ],
    "fullContent": "NO TEXT FOUND"
  },
  {
    "link": "https://www.eleconomista.com.mx/videos/empleo-manufacturero-hila-agosto-18-meses-caidas-interanuales-20241015-730131.html",
    "categories": [
      "videos"
    ],
    "title": "Empleo manufacturero hila en agosto 18 meses de caídas interanuales",
    "pubDate": "Tue, 15 Oct 2024 14:12:38 -0600",
    "description": "La atonía de la industria manufacturera en México se prolongó en agosto y su correlato sigue siendo el debilitamiento de su mercado laboral.",
    "feedType": "ElEconomistaRSS",
    "newsMedia": "El Economista",
    "section": "Edición completa",
    "author": [
      ""
    ],
    "authors": [
      {
        "name": ""
      },
      {
        "name": ""
      }
    ],
    "fullContent": "NO TEXT FOUND"
  },
  {
    "link": "https://www.eleconomista.com.mx/internacionales/trump-advierte-mexico-vender-coche-eu-presidente-20241015-730130.html",
    "categories": [
      "internacionales"
    ],
    "title": "Trump advierte que México \"no va a vender ni un solo\" coche en EU si él es presidente",
    "pubDate": "Tue, 15 Oct 2024 14:07:23 -0600",
    "description": "\"Yo diría que México es un desafío tremendo para nosotros en este momento, tremendo\", dijo el candidato presidencial republicano en una entrevista en el Club económico de Chicago.",
    "feedType": "ElEconomistaRSS",
    "newsMedia": "El Economista",
    "section": "Edición completa",
    "author": [
      ""
    ],
    "authors": [
      {
        "name": ""
      },
      {
        "name": ""
      }
    ],
    "fullContent": "NO TEXT FOUND"
  },
  {
    "link": "https://www.eleconomista.com.mx/politica/gobierno-quitana-roo-y-autoridades-seguridad-federal-reunen-complejo-seguridad-c5-20241015-730129.html",
    "categories": [
      "politica"
    ],
    "title": "Gobierno de Quitana Roo y autoridades de Seguridad federal se reunen en el Complejo de Seguridad C5",
    "pubDate": "Tue, 15 Oct 2024 13:56:09 -0600",
    "description": "",
    "feedType": "ElEconomistaRSS",
    "newsMedia": "El Economista",
    "section": "Edición completa",
    "author": [
      ""
    ],
    "authors": [
      {
        "name": ""
      },
      {
        "name": ""
      }
    ],
    "fullContent": "NO TEXT FOUND"
  },
  {
    "link": "https://www.eleconomista.com.mx/politica/ceo-dialogue-gobierno-mexico-anuncia-inversiones-20-000-millones-dolares-20241015-730128.html",
    "categories": [
      "politica"
    ],
    "title": "Empresas invertirán 20,000 millones de dólares en México: Ebrard",
    "pubDate": "Tue, 15 Oct 2024 13:39:03 -0600",
    "description": "La presidenta Claudia Sheinbaum subrayó la importancia de establecer mesas de trabajo permanentes a través de la Secretaría de Economía, en las que también participarán la Secretaría de Energía y otras dependencias.",
    "feedType": "ElEconomistaRSS",
    "newsMedia": "El Economista",
    "section": "Edición completa",
    "author": [
      ""
    ],
    "authors": [
      {
        "name": ""
      },
      {
        "name": ""
      }
    ],
    "fullContent": "NO TEXT FOUND"
  },
  {
    "link": "https://www.eleconomista.com.mx/videos/trump-asegura-solo-resolver-escalada-tensiones-peninsula-corea-20241015-730127.html",
    "categories": [
      "videos"
    ],
    "title": "Trump asegura que sólo él puede \"resolver\" la escalada de tensiones en la península de Corea",
    "pubDate": "Tue, 15 Oct 2024 13:38:03 -0600",
    "description": "El Ejército de Corea del Sur ha informado este martes de que las autoridades norcoreanas han realizado varias explosiones controladas para destruir las conexiones entre ambos países.",
    "feedType": "ElEconomistaRSS",
    "newsMedia": "El Economista",
    "section": "Edición completa",
    "author": [
      ""
    ],
    "authors": [
      {
        "name": ""
      },
      {
        "name": ""
      }
    ],
    "fullContent": "NO TEXT FOUND"
  },
  {
    "link": "https://www.eleconomista.com.mx/empresas/oportunidades-inversion-sector-inmobiliario-y-turismo-20241015-730126.html",
    "categories": [
      "empresas"
    ],
    "title": "Oportunidades de Inversión: El sector inmobiliario y el turismo",
    "pubDate": "Tue, 15 Oct 2024 13:34:20 -0600",
    "description": "La Asociación de Desarrolladores Inmobiliarios (ADI), te invita a formar parte del evento exclusivo Oportunidades de Inversión, que se llevará a cabo el próximo 20 de noviembre en el Hotel Ritz Carlton de la Ciudad de México. Este evento marca el inicio de las actividades de Expo Desarrollo Inmobiliario, The Real Estate Show 2025, el foro más importante del sector en México y Latinoamérica.",
    "feedType": "ElEconomistaRSS",
    "newsMedia": "El Economista",
    "section": "Edición completa",
    "author": [
      ""
    ],
    "authors": [
      {
        "name": ""
      },
      {
        "name": ""
      }
    ],
    "fullContent": "NO TEXT FOUND"
  },
  {
    "link": "https://www.eleconomista.com.mx/opinion/dialogo-dra-patricia-clark-y-consejo-salubridad-general-20241015-730124.html",
    "categories": [
      "opinion"
    ],
    "title": "Diálogo con la Dra. Patricia Clark y el Consejo de Salubridad General",
    "pubDate": "Tue, 15 Oct 2024 13:12:40 -0600",
    "description": "“Acceso equitativo y justo para enfermedades raras”",
    "feedType": "ElEconomistaRSS",
    "newsMedia": "El Economista",
    "section": "Edición completa",
    "author": [
      ""
    ],
    "authors": [
      {
        "name": ""
      },
      {
        "name": ""
      }
    ],
    "fullContent": "NO TEXT FOUND"
  },
  {
    "link": "https://www.eleconomista.com.mx/economia/inteligencia-artificial-aplicada-mercados-financieros-foco-riesgo-supervisores-fmi-20241015-730114.html",
    "categories": [
      "economia"
    ],
    "title": "Inteligencia Artificial en mercados, foco de riesgo para supervisores: FMI",
    "pubDate": "Tue, 15 Oct 2024 13:08:58 -0600",
    "description": "El Fondo Monetario Internacional observó que la adopción de herramientas tecnológicas está alimentado la volatilidad y el estrés que se ha percibido en los últimos dos años.",
    "feedType": "ElEconomistaRSS",
    "newsMedia": "El Economista",
    "section": "Edición completa",
    "author": [
      ""
    ],
    "authors": [
      {
        "name": ""
      },
      {
        "name": ""
      }
    ],
    "fullContent": "NO TEXT FOUND"
  },
  {
    "link": "https://www.eleconomista.com.mx/videos/fmi-recorta-expectativas-crecimiento-mexico-advierte-riesgos-reformas-20241015-730125.html",
    "categories": [
      "videos"
    ],
    "title": "FMI recorta expectativas para el crecimiento de México; advierte riesgos por reformas",
    "pubDate": "Tue, 15 Oct 2024 13:03:18 -0600",
    "description": "El Fondo Monetario Internacional (FMI) recortó nuevamente su pronóstico de crecimiento para la economía de México para este año, para dejarlo en 1.5%, una expectativa que contrasta con el 2.2% que previó en julio.",
    "feedType": "ElEconomistaRSS",
    "newsMedia": "El Economista",
    "section": "Edición completa",
    "author": [
      ""
    ],
    "authors": [
      {
        "name": ""
      },
      {
        "name": ""
      }
    ],
    "fullContent": "NO TEXT FOUND"
  },
  {
    "link": "https://www.eleconomista.com.mx/politica/voz-pueblo-centro-mi-administracion-asegura-delfina-gomez-alvarez-arrancar-tercera-audiencia-ciudadana-20241015-730123.html",
    "categories": [
      "politica"
    ],
    "title": "\"¡La voz del pueblo es el centro de mi administración!\", asegura Delfina Gómez Álvarez al arrancar la Tercera Audiencia Ciudadana",
    "pubDate": "Tue, 15 Oct 2024 13:01:31 -0600",
    "description": "",
    "feedType": "ElEconomistaRSS",
    "newsMedia": "El Economista",
    "section": "Edición completa",
    "author": [
      ""
    ],
    "authors": [
      {
        "name": ""
      },
      {
        "name": ""
      }
    ],
    "fullContent": "NO TEXT FOUND"
  },
  {
    "link": "https://www.eleconomista.com.mx/internacionales/onu-advierte-catastrofe-humanitaria-sequia-historica-sur-africa-20241015-730122.html",
    "categories": [
      "internacionales"
    ],
    "title": "ONU advierte de una \"catástrofe humanitaria\" por sequía histórica en el sur de África",
    "pubDate": "Tue, 15 Oct 2024 13:01:15 -0600",
    "description": "El organismo de la ONU \"lanza un llamado de ayuda urgente para evitar que la sequía generalizada desencadenada por el fenómeno El Niño se transforme en una catástrofe humanitaria.",
    "feedType": "ElEconomistaRSS",
    "newsMedia": "El Economista",
    "section": "Edición completa",
    "author": [
      ""
    ],
    "authors": [
      {
        "name": ""
      },
      {
        "name": ""
      }
    ],
    "fullContent": "NO TEXT FOUND"
  }
]