[
  {
    "link": "https://www.eleconomista.com.mx/arteseideas/grupo-galpao-cabaret-decadente-acido-y-critica-politica-20241015-730069.html",
    "categories": [
      "arteseideas"
    ],
    "title": "Grupo Galpão hace cabaret decadente, ácido y de crítica política",
    "pubDate": "Tue, 15 Oct 2024 01:17:12 -0600",
    "description": "La compañía brasileña con más de cuatro décadas de vida presentó en el FIC su Cabaret coraje, una puesta en escena que vuelca del divertimento a la profunda crítica social, resultado de los años recientes de radicalidad política en el país sudamericano.",
    "feedType": "ElEconomistaRSS",
    "newsMedia": "El Economista",
    "section": "Edición completa",
    "author": [
      ""
    ],
    "authors": [
      {
        "name": ""
      },
      {
        "name": ""
      }
    ],
    "fullContent": "NO TEXT FOUND"
  },
  {
    "link": "https://www.eleconomista.com.mx/opinion/futuro-comun-segundo-piso-4t-aportes-intelectuales-mujeres-20241015-730068.html",
    "categories": [
      "opinion"
    ],
    "title": "Un futuro común para el segundo piso de la 4T desde los aportes intelectuales de las mujeres",
    "pubDate": "Tue, 15 Oct 2024 01:06:58 -0600",
    "description": "El Premio Nobel de Economía se otorgó por primera vez en 1969. En 2009, Elinor Ostrom se convirtió en la primera mujer galardonada, destacando la importancia de valorar los beneficios inmediatos sobre los futuros. Las políticas neoliberales han contribuido a problemas de salud, como la diabetes mellitus tipo 2.",
    "feedType": "ElEconomistaRSS",
    "newsMedia": "El Economista",
    "section": "Edición completa",
    "author": [
      ""
    ],
    "authors": [
      {
        "name": ""
      },
      {
        "name": ""
      }
    ],
    "fullContent": "NO TEXT FOUND"
  },
  {
    "link": "https://www.eleconomista.com.mx/opinion/tipo-izquierda-20241015-730067.html",
    "categories": [
      "opinion"
    ],
    "title": "¿Qué tipo de izquierda?",
    "pubDate": "Tue, 15 Oct 2024 01:04:02 -0600",
    "description": "",
    "feedType": "ElEconomistaRSS",
    "newsMedia": "El Economista",
    "section": "Edición completa",
    "author": [
      ""
    ],
    "authors": [
      {
        "name": ""
      },
      {
        "name": ""
      }
    ],
    "fullContent": "NO TEXT FOUND"
  },
  {
    "link": "https://www.eleconomista.com.mx/opinion/gran-carpa-20241015-730066.html",
    "categories": [
      "opinion"
    ],
    "title": "La Gran Carpa",
    "pubDate": "Tue, 15 Oct 2024 01:01:09 -0600",
    "description": "Opinión de la sección de Foros del 15 de octubre del 2024",
    "feedType": "ElEconomistaRSS",
    "newsMedia": "El Economista",
    "section": "Edición completa",
    "author": [
      ""
    ],
    "authors": [
      {
        "name": ""
      },
      {
        "name": ""
      }
    ],
    "fullContent": "NO TEXT FOUND"
  },
  {
    "link": "https://www.eleconomista.com.mx/politica/relacionan-mexicanos-delincuencia-migrantes-20241015-730065.html",
    "categories": [
      "politica"
    ],
    "title": "Relacionan mexicanos delincuencia con migrantes",
    "pubDate": "Tue, 15 Oct 2024 00:44:54 -0600",
    "description": "La ONU llamó a las autoridades a crear campañas para concientizar de los riesgos que afrontan.",
    "feedType": "ElEconomistaRSS",
    "newsMedia": "El Economista",
    "section": "Edición completa",
    "author": [
      ""
    ],
    "authors": [
      {
        "name": ""
      },
      {
        "name": ""
      }
    ],
    "fullContent": "NO TEXT FOUND"
  },
  {
    "link": "https://www.eleconomista.com.mx/politica/acepta-secretaria-gobernacion-dialogo-comisionados-inai-20241015-730064.html",
    "categories": [
      "politica"
    ],
    "title": "Acepta Secretaría de Gobernación diálogo con comisionados del Inai",
    "pubDate": "Tue, 15 Oct 2024 00:40:47 -0600",
    "description": "",
    "feedType": "ElEconomistaRSS",
    "newsMedia": "El Economista",
    "section": "Edición completa",
    "author": [
      ""
    ],
    "authors": [
      {
        "name": ""
      },
      {
        "name": ""
      }
    ],
    "fullContent": "NO TEXT FOUND"
  },
  {
    "link": "https://www.eleconomista.com.mx/politica/detienen-46-enfrentamientos-sinaloa-20241015-730063.html",
    "categories": [
      "politica"
    ],
    "title": "Detienen a 46 por enfrentamientos en Sinaloa",
    "pubDate": "Tue, 15 Oct 2024 00:37:38 -0600",
    "description": "",
    "feedType": "ElEconomistaRSS",
    "newsMedia": "El Economista",
    "section": "Edición completa",
    "author": [
      ""
    ],
    "authors": [
      {
        "name": ""
      },
      {
        "name": ""
      }
    ],
    "fullContent": "NO TEXT FOUND"
  },
  {
    "link": "https://www.eleconomista.com.mx/politica/avanza-priorizar-vias-ferreas-pasajeros-comisiones-senado-20241015-730062.html",
    "categories": [
      "politica"
    ],
    "title": "Avanza priorizar vías férreas para pasajeros en comisiones del Senado",
    "pubDate": "Tue, 15 Oct 2024 00:34:28 -0600",
    "description": "La Cámara de Senadores aprobó, en comisiones, dos decretos por los que se reforma la Constitución, en materia de áreas y empresas estratégicas y de vías de transporte ferroviario, que fueron remitidos a la Mesa Directiva para agendar su discusión y votación por el pleno senatorial posiblemente hoy mismo.",
    "feedType": "ElEconomistaRSS",
    "newsMedia": "El Economista",
    "section": "Edición completa",
    "author": [
      ""
    ],
    "authors": [
      {
        "name": ""
      },
      {
        "name": ""
      }
    ],
    "fullContent": "NO TEXT FOUND"
  },
  {
    "link": "https://www.eleconomista.com.mx/politica/aval-gober-sube-50-20241015-730061.html",
    "categories": [
      "politica"
    ],
    "title": "Aval a gober sube a 50.3%",
    "pubDate": "Tue, 15 Oct 2024 00:31:24 -0600",
    "description": "Aprobación de siete mandatarios cayó, en 24 aumentó y en uno se mantuvo.",
    "feedType": "ElEconomistaRSS",
    "newsMedia": "El Economista",
    "section": "Edición completa",
    "author": [
      ""
    ],
    "authors": [
      {
        "name": ""
      },
      {
        "name": ""
      }
    ],
    "fullContent": "NO TEXT FOUND"
  },
  {
    "link": "https://www.eleconomista.com.mx/opinion/siguientes-5-anos-decidira-futuro-vida-tierra-20241015-730060.html",
    "categories": [
      "opinion"
    ],
    "title": "En los siguientes 5 años se decidirá el futuro de la vida en la Tierra",
    "pubDate": "Tue, 15 Oct 2024 00:27:01 -0600",
    "description": "",
    "feedType": "ElEconomistaRSS",
    "newsMedia": "El Economista",
    "section": "Edición completa",
    "author": [
      ""
    ],
    "authors": [
      {
        "name": ""
      },
      {
        "name": ""
      }
    ],
    "fullContent": "NO TEXT FOUND"
  },
  {
    "link": "https://www.eleconomista.com.mx/opinion/adios-vivienderas-20241015-730059.html",
    "categories": [
      "opinion"
    ],
    "title": "Adiós a las vivienderas",
    "pubDate": "Tue, 15 Oct 2024 00:24:25 -0600",
    "description": "",
    "feedType": "ElEconomistaRSS",
    "newsMedia": "El Economista",
    "section": "Edición completa",
    "author": [
      ""
    ],
    "authors": [
      {
        "name": ""
      },
      {
        "name": ""
      }
    ],
    "fullContent": "NO TEXT FOUND"
  },
  {
    "link": "https://www.eleconomista.com.mx/opinion/12-octubre-olvida-20241015-730058.html",
    "categories": [
      "opinion"
    ],
    "title": "12 de octubre sí se olvida",
    "pubDate": "Tue, 15 Oct 2024 00:22:19 -0600",
    "description": "",
    "feedType": "ElEconomistaRSS",
    "newsMedia": "El Economista",
    "section": "Edición completa",
    "author": [
      ""
    ],
    "authors": [
      {
        "name": ""
      },
      {
        "name": ""
      }
    ],
    "fullContent": "NO TEXT FOUND"
  },
  {
    "link": "https://www.eleconomista.com.mx/politica/concluye-engrose-reforma-judicial-san-lazaro-20241015-730057.html",
    "categories": [
      "politica"
    ],
    "title": "Concluye engrose de la reforma al Poder Judicial en San Lázaro",
    "pubDate": "Tue, 15 Oct 2024 00:13:10 -0600",
    "description": "Legisladores de la oposición señalaron errores y contradicciones tales como duplicidad en textos y violaciones a artículos constitucionales.",
    "feedType": "ElEconomistaRSS",
    "newsMedia": "El Economista",
    "section": "Edición completa",
    "author": [
      ""
    ],
    "authors": [
      {
        "name": ""
      },
      {
        "name": ""
      }
    ],
    "fullContent": "NO TEXT FOUND"
  },
  {
    "link": "https://www.eleconomista.com.mx/politica/cambios-pjf-compromete-t-mec-jufed-20241015-730056.html",
    "categories": [
      "politica"
    ],
    "title": "Cambios al PJF compromete el T-MEC: Jufed",
    "pubDate": "Tue, 15 Oct 2024 00:09:18 -0600",
    "description": "El tratado exige que los países miembros mantengan un sistema judicial imparcial e independiente para resolver disputas comerciales.",
    "feedType": "ElEconomistaRSS",
    "newsMedia": "El Economista",
    "section": "Edición completa",
    "author": [
      ""
    ],
    "authors": [
      {
        "name": ""
      },
      {
        "name": ""
      }
    ],
    "fullContent": "NO TEXT FOUND"
  },
  {
    "link": "https://www.eleconomista.com.mx/politica/eleccion-jueces-genera-inquietudes-inversionistas-eu-20241015-730055.html",
    "categories": [
      "politica"
    ],
    "title": "Elección de jueces genera inquietudes a inversionistas en EU",
    "pubDate": "Tue, 15 Oct 2024 00:05:25 -0600",
    "description": "Katherine Tai tiene interés de establecer contacto con Marcelo Ebrard, titular de Economía, para dialogar sobre estos temas.",
    "feedType": "ElEconomistaRSS",
    "newsMedia": "El Economista",
    "section": "Edición completa",
    "author": [
      ""
    ],
    "authors": [
      {
        "name": ""
      },
      {
        "name": ""
      }
    ],
    "fullContent": "NO TEXT FOUND"
  },
  {
    "link": "https://www.eleconomista.com.mx/empresas/piden-economia-haya-sanciones-nueva-regulacion-e-commerce-20241014-730054.html",
    "categories": [
      "empresas"
    ],
    "title": "Piden a Economía que haya sanciones en nueva regulación del e-commerce",
    "pubDate": "Mon, 14 Oct 2024 23:55:57 -0600",
    "description": "Empresarios del ramo de la moda, uno de los más afectados por las importaciones de mercancías que llegan de Asia vía plataformas digitales, expresaron dudas sobre la capacidad del gobierno para garantizar el cumplimiento de las nuevas reglas para internar productos en territorio nacional.",
    "feedType": "ElEconomistaRSS",
    "newsMedia": "El Economista",
    "section": "Edición completa",
    "author": [
      ""
    ],
    "authors": [
      {
        "name": ""
      },
      {
        "name": ""
      }
    ],
    "fullContent": "NO TEXT FOUND"
  },
  {
    "link": "https://www.eleconomista.com.mx/opinion/claudia-sheinbaum-e-ip-nueva-relacion-20241014-730053.html",
    "categories": [
      "opinion"
    ],
    "title": "Claudia Sheinbaum e IP, ¿Nueva relación?",
    "pubDate": "Mon, 14 Oct 2024 23:50:56 -0600",
    "description": "",
    "feedType": "ElEconomistaRSS",
    "newsMedia": "El Economista",
    "section": "Edición completa",
    "author": [
      ""
    ],
    "authors": [
      {
        "name": ""
      },
      {
        "name": ""
      }
    ],
    "fullContent": "NO TEXT FOUND"
  },
  {
    "link": "https://www.eleconomista.com.mx/opinion/politica-publica-aviacion-20241014-730052.html",
    "categories": [
      "opinion"
    ],
    "title": "Cómo hacer política pública en aviación",
    "pubDate": "Mon, 14 Oct 2024 23:46:49 -0600",
    "description": "",
    "feedType": "ElEconomistaRSS",
    "newsMedia": "El Economista",
    "section": "Edición completa",
    "author": [
      ""
    ],
    "authors": [
      {
        "name": ""
      },
      {
        "name": ""
      }
    ],
    "fullContent": "NO TEXT FOUND"
  },
  {
    "link": "https://www.eleconomista.com.mx/opinion/nobel-economia-instituciones-importan-20241014-730051.html",
    "categories": [
      "opinion"
    ],
    "title": "El Nobel de Economía: las instituciones importan",
    "pubDate": "Mon, 14 Oct 2024 23:42:48 -0600",
    "description": "",
    "feedType": "ElEconomistaRSS",
    "newsMedia": "El Economista",
    "section": "Edición completa",
    "author": [
      ""
    ],
    "authors": [
      {
        "name": ""
      },
      {
        "name": ""
      }
    ],
    "fullContent": "NO TEXT FOUND"
  },
  {
    "link": "https://www.eleconomista.com.mx/empresas/senadores-aprueban-comisiones-reforma-energetica-20241014-730050.html",
    "categories": [
      "empresas"
    ],
    "title": "Senadores aprueban en Comisiones la reforma energética",
    "pubDate": "Mon, 14 Oct 2024 23:39:24 -0600",
    "description": "Ambos decretos fueron remitidos a la Mesa Directiva para agendar su discusión y votación por el pleno senatorial, posiblemente este mismo martes.",
    "feedType": "ElEconomistaRSS",
    "newsMedia": "El Economista",
    "section": "Edición completa",
    "author": [
      ""
    ],
    "authors": [
      {
        "name": ""
      },
      {
        "name": ""
      }
    ],
    "fullContent": "NO TEXT FOUND"
  },
  {
    "link": "https://www.eleconomista.com.mx/internacionales/trump-radicaliza-discurso-durara-dia-dictadura-20241014-730049.html",
    "categories": [
      "internacionales"
    ],
    "title": "Trump radicaliza su discurso: ¿durará un día su “dictadura”?",
    "pubDate": "Mon, 14 Oct 2024 23:21:27 -0600",
    "description": "Ni China ni Rusia son blanco de sus críticas, el enemigo está en casa; su afinidad por autócratas levanta dudas en Estados Unidos.",
    "feedType": "ElEconomistaRSS",
    "newsMedia": "El Economista",
    "section": "Edición completa",
    "author": [
      ""
    ],
    "authors": [
      {
        "name": ""
      },
      {
        "name": ""
      }
    ],
    "fullContent": "NO TEXT FOUND"
  },
  {
    "link": "https://www.eleconomista.com.mx/internacionales/candidatos-voto-latino-ritmo-bad-bunny-20241014-730048.html",
    "categories": [
      "internacionales"
    ],
    "title": "Candidatos van por voto latino a ritmo de Bad Bunny",
    "pubDate": "Mon, 14 Oct 2024 23:18:27 -0600",
    "description": "",
    "feedType": "ElEconomistaRSS",
    "newsMedia": "El Economista",
    "section": "Edición completa",
    "author": [
      ""
    ],
    "authors": [
      {
        "name": ""
      },
      {
        "name": ""
      }
    ],
    "fullContent": "NO TEXT FOUND"
  },
  {
    "link": "https://www.eleconomista.com.mx/opinion/pedro-sanchez-llamara-consultas-embajador-juan-duarte-20241014-730047.html",
    "categories": [
      "opinion"
    ],
    "title": "¿Pedro Sánchez llamará a consultas a su embajador Juan Duarte?",
    "pubDate": "Mon, 14 Oct 2024 23:15:57 -0600",
    "description": "",
    "feedType": "ElEconomistaRSS",
    "newsMedia": "El Economista",
    "section": "Edición completa",
    "author": [
      ""
    ],
    "authors": [
      {
        "name": ""
      },
      {
        "name": ""
      }
    ],
    "fullContent": "NO TEXT FOUND"
  },
  {
    "link": "https://www.eleconomista.com.mx/internacionales/justicia-guatemalteca-recibe-humillacion-congreso-20241014-730046.html",
    "categories": [
      "internacionales"
    ],
    "title": "Justicia guatemalteca recibe humillación del Congreso",
    "pubDate": "Mon, 14 Oct 2024 23:12:57 -0600",
    "description": "La selección de 13 jueces de la Corte Suprema no se apegó a estándares internacionales, señala WOLA.",
    "feedType": "ElEconomistaRSS",
    "newsMedia": "El Economista",
    "section": "Edición completa",
    "author": [
      ""
    ],
    "authors": [
      {
        "name": ""
      },
      {
        "name": ""
      }
    ],
    "fullContent": "NO TEXT FOUND"
  },
  {
    "link": "https://www.eleconomista.com.mx/estados/impulsan-turismo-tecnologia-traves-plataforma-explora-jalisco-20241014-730045.html",
    "categories": [
      "estados"
    ],
    "title": "Impulsan turismo con tecnología a través de la plataforma Explora Jalisco",
    "pubDate": "Mon, 14 Oct 2024 23:05:09 -0600",
    "description": "El proyecto seguirá desarrollándose bajo la nueva administración encabezada por Michelle Fridman, con el objetivo de consolidar al estado como un destino innovador y accesible.",
    "feedType": "ElEconomistaRSS",
    "newsMedia": "El Economista",
    "section": "Edición completa",
    "author": [
      ""
    ],
    "authors": [
      {
        "name": ""
      },
      {
        "name": ""
      }
    ],
    "fullContent": "NO TEXT FOUND"
  },
  {
    "link": "https://www.eleconomista.com.mx/economia/chinos-evitan-grandes-gastos-20241014-730043.html",
    "categories": [
      "economia"
    ],
    "title": "Chinos evitan grandes gastos",
    "pubDate": "Mon, 14 Oct 2024 22:54:08 -0600",
    "description": "Un lastre clave para la segunda mayor economía del mundo es la prolongada recesión del mercado inmobiliario.",
    "feedType": "ElEconomistaRSS",
    "newsMedia": "El Economista",
    "section": "Edición completa",
    "author": [
      ""
    ],
    "authors": [
      {
        "name": ""
      },
      {
        "name": ""
      }
    ],
    "fullContent": "NO TEXT FOUND"
  },
  {
    "link": "https://www.eleconomista.com.mx/opinion/fantasia-autoridades-sobre-tecnologia-verde-20241014-730042.html",
    "categories": [
      "opinion"
    ],
    "title": "La fantasía de las autoridades sobre la tecnología verde",
    "pubDate": "Mon, 14 Oct 2024 22:50:49 -0600",
    "description": "Los responsables políticos estadounidenses, chinos y europeos parecen convencidos de que apoyar las industrias verdes de alta tecnología es la clave no sólo para un futuro sostenible, sino también próspero. Pero la idea de que la tecnología verde pueda constituir la base de una economía importante no es realista.",
    "feedType": "ElEconomistaRSS",
    "newsMedia": "El Economista",
    "section": "Edición completa",
    "author": [
      ""
    ],
    "authors": [
      {
        "name": ""
      },
      {
        "name": ""
      }
    ],
    "fullContent": "NO TEXT FOUND"
  },
  {
    "link": "https://www.eleconomista.com.mx/empresas/megapuerto-chancay-alista-tarifas-entrar-operacion-20241014-730041.html",
    "categories": [
      "empresas"
    ],
    "title": "Megapuerto de Chancay alista tarifas para entrar en operación",
    "pubDate": "Mon, 14 Oct 2024 22:43:49 -0600",
    "description": "Perú se prepara para el inicio de operaciones de la infraestructura portuaria que estará a cargo de la china Cosco Shipping y se perfila para ser un hub de redistribución de carga de Chile, Ecuador y Colombia.",
    "feedType": "ElEconomistaRSS",
    "newsMedia": "El Economista",
    "section": "Edición completa",
    "author": [
      ""
    ],
    "authors": [
      {
        "name": ""
      },
      {
        "name": ""
      }
    ],
    "fullContent": "NO TEXT FOUND"
  },
  {
    "link": "https://www.eleconomista.com.mx/empresas/ecuador-alarga-racionamiento-luz-20-octubre-20241014-730040.html",
    "categories": [
      "empresas"
    ],
    "title": "Ecuador alarga racionamiento de luz al 20 de octubre",
    "pubDate": "Mon, 14 Oct 2024 22:40:23 -0600",
    "description": "El Ministerio de Energía y Minas de Ecuador informó que el racionamiento de energía se extenderá en ese país hasta el próximo 20 de octubre. Detalló los turnos de corte para nueve distribuidoras que atienden a ocho regiones.",
    "feedType": "ElEconomistaRSS",
    "newsMedia": "El Economista",
    "section": "Edición completa",
    "author": [
      ""
    ],
    "authors": [
      {
        "name": ""
      },
      {
        "name": ""
      }
    ],
    "fullContent": "NO TEXT FOUND"
  },
  {
    "link": "https://www.eleconomista.com.mx/deportes/javier-aguirre-prioriza-eleccion-jugadores-sobre-rendimiento-20241014-730036.html",
    "categories": [
      "deportes"
    ],
    "title": "Javier Aguirre prioriza elección de jugadores sobre rendimiento",
    "pubDate": "Mon, 14 Oct 2024 21:38:15 -0600",
    "description": "El entrenador de la Selección Mexicana enfatizó la observación de futbolistas antes que el desempeño en cancha previo al partido contra Estados Unidos en Guadalajara.",
    "feedType": "ElEconomistaRSS",
    "newsMedia": "El Economista",
    "section": "Edición completa",
    "author": [
      ""
    ],
    "authors": [
      {
        "name": ""
      },
      {
        "name": ""
      }
    ],
    "fullContent": "NO TEXT FOUND"
  },
  {
    "link": "https://www.eleconomista.com.mx/internacionales/kamala-harris-insiste-trump-gran-riesgo-eu-gana-elecciones-20241014-730034.html",
    "categories": [
      "internacionales"
    ],
    "title": "Kamala Harris insiste en que Trump es un gran riesgo en EU si gana las elecciones",
    "pubDate": "Mon, 14 Oct 2024 21:32:27 -0600",
    "description": "La candidata demócrata a la presidencia de EU atacó a su contrincante durante un mitin en la localidad de Erie, en el estado clave de Pensilvania.",
    "feedType": "ElEconomistaRSS",
    "newsMedia": "El Economista",
    "section": "Edición completa",
    "author": [
      ""
    ],
    "authors": [
      {
        "name": ""
      },
      {
        "name": ""
      }
    ],
    "fullContent": "NO TEXT FOUND"
  },
  {
    "link": "https://www.eleconomista.com.mx/politica/leyes-secundarias-reforma-judicial-garantizan-seguridad-juzgadores-candidatos-advierte-pri-20241014-730029.html",
    "categories": [
      "politica"
    ],
    "title": "Leyes secundarias de reforma judicial no garantizan la seguridad de los juzgadores candidatos, advierte el PRI",
    "pubDate": "Mon, 14 Oct 2024 21:25:12 -0600",
    "description": "El diputado Emilio Suárez Licona destacó que el dictamen no especifica las previsiones a la elección de jueces sin rostro y tampoco regula la elección de los magistrados y jueces especializados con competencia nacional.",
    "feedType": "ElEconomistaRSS",
    "newsMedia": "El Economista",
    "section": "Edición completa",
    "author": [
      ""
    ],
    "authors": [
      {
        "name": ""
      },
      {
        "name": ""
      }
    ],
    "fullContent": "NO TEXT FOUND"
  },
  {
    "link": "https://www.eleconomista.com.mx/politica/diputado-morena-propone-agilizar-tramites-farmaceuticos-combatir-desabasto-medicamentos-20241014-730026.html",
    "categories": [
      "politica"
    ],
    "title": "Diputado de Morena propone agilizar los tramites farmacéuticos para combatir el desabasto de medicamentos",
    "pubDate": "Mon, 14 Oct 2024 21:25:10 -0600",
    "description": "El diputado de Morena, Guillermo Rendón Gómez, destacó que el país tiene la capacidad para la aplicación de los cuadros de vacunación, no obstante, reiteró que se agrava por el problema es la distribución de los medicamentos.",
    "feedType": "ElEconomistaRSS",
    "newsMedia": "El Economista",
    "section": "Edición completa",
    "author": [
      ""
    ],
    "authors": [
      {
        "name": ""
      },
      {
        "name": ""
      }
    ],
    "fullContent": "NO TEXT FOUND"
  },
  {
    "link": "https://www.eleconomista.com.mx/economia/anuncios-monetarios-banxico-pegaditos-fed-eu-20241014-730033.html",
    "categories": [
      "economia"
    ],
    "title": "Anuncios monetarios de Banxico, pegaditos a los de la Fed de EU",
    "pubDate": "Mon, 14 Oct 2024 21:23:57 -0600",
    "description": "Al establecer un margen de días entre los anuncios, Banco de México puede minimizar el impacto en el peso mexicano, de la potencial volatilidad de los mercados financieros y de divisas.",
    "feedType": "ElEconomistaRSS",
    "newsMedia": "El Economista",
    "section": "Edición completa",
    "author": [
      ""
    ],
    "authors": [
      {
        "name": ""
      },
      {
        "name": ""
      }
    ],
    "fullContent": "NO TEXT FOUND"
  },
  {
    "link": "https://www.eleconomista.com.mx/internacionales/taiwan-detecta-record-153-aviones-militares-chinos-alrededor-isla-20241014-730032.html",
    "categories": [
      "internacionales"
    ],
    "title": "Taiwán detecta récord de 153 aviones militares chinos alrededor de la isla",
    "pubDate": "Mon, 14 Oct 2024 21:20:42 -0600",
    "description": "China considera a Taiwán como parte de su territorio y el lunes reafirmó que no renunciará al uso de la fuerza para retomar el control de la isla.",
    "feedType": "ElEconomistaRSS",
    "newsMedia": "El Economista",
    "section": "Edición completa",
    "author": [
      ""
    ],
    "authors": [
      {
        "name": ""
      },
      {
        "name": ""
      }
    ],
    "fullContent": "NO TEXT FOUND"
  },
  {
    "link": "https://www.eleconomista.com.mx/opinion/boeing-recortara-10-fuerza-laboral-20241014-730031.html",
    "categories": [
      "opinion"
    ],
    "title": "Boeing recortará a 10% de su fuerza laboral",
    "pubDate": "Mon, 14 Oct 2024 21:14:15 -0600",
    "description": "Vemo instalará 550 cargadores públicosChipotle Mexican Grill crecerá gracias al tráficoChoice Hotels inaugura hotel en Puebla",
    "feedType": "ElEconomistaRSS",
    "newsMedia": "El Economista",
    "section": "Edición completa",
    "author": [
      ""
    ],
    "authors": [
      {
        "name": ""
      },
      {
        "name": ""
      }
    ],
    "fullContent": "NO TEXT FOUND"
  },
  {
    "link": "https://www.eleconomista.com.mx/mercados/bolsas-mexicanas-primera-baja-cuatro-sesiones-20241014-730030.html",
    "categories": [
      "mercados"
    ],
    "title": "Bolsas mexicanas tienen su primera baja en cuatro sesiones",
    "pubDate": "Mon, 14 Oct 2024 21:10:53 -0600",
    "description": "Las bolsas mexicanas han retrocedido en lo que va del presente año comparado con sus pares de Estados Unidos.",
    "feedType": "ElEconomistaRSS",
    "newsMedia": "El Economista",
    "section": "Edición completa",
    "author": [
      ""
    ],
    "authors": [
      {
        "name": ""
      },
      {
        "name": ""
      }
    ],
    "fullContent": "NO TEXT FOUND"
  },
  {
    "link": "https://www.eleconomista.com.mx/mercados/oro-cayo-decepcion-estimulos-china-20241014-730028.html",
    "categories": [
      "mercados"
    ],
    "title": "Oro cayó por decepción de estímulos en China",
    "pubDate": "Mon, 14 Oct 2024 21:07:27 -0600",
    "description": "El oro cayó el lunes, ya que el decepcionante estímulo fiscal de China, el mayor consumidor del metal, no despertó la confianza de los consumidores, mientras el repunte del dólar, que alcanzó máximos de dos meses, limitó el impulso alcista.",
    "feedType": "ElEconomistaRSS",
    "newsMedia": "El Economista",
    "section": "Edición completa",
    "author": [
      ""
    ],
    "authors": [
      {
        "name": ""
      },
      {
        "name": ""
      }
    ],
    "fullContent": "NO TEXT FOUND"
  },
  {
    "link": "https://www.eleconomista.com.mx/mercados/tipo-cambio-influira-utilidades-america-movil-20241014-730027.html",
    "categories": [
      "mercados"
    ],
    "title": "Tipo de cambio influirá en las utilidades de América Móvil",
    "pubDate": "Mon, 14 Oct 2024 21:04:26 -0600",
    "description": "La empresa de telecomunicaciones cerró la jornada bursátil de este lunes con un avance del 2.63% respecto del resultado del viernes pasado.",
    "feedType": "ElEconomistaRSS",
    "newsMedia": "El Economista",
    "section": "Edición completa",
    "author": [
      ""
    ],
    "authors": [
      {
        "name": ""
      },
      {
        "name": ""
      }
    ],
    "fullContent": "NO TEXT FOUND"
  },
  {
    "link": "https://www.eleconomista.com.mx/empresas/compromiso-sustentabilidad-y-empleo-decente-20241014-730024.html",
    "categories": [
      "empresas"
    ],
    "title": "Compromiso con la sustentabilidad y el empleo decente",
    "pubDate": "Mon, 14 Oct 2024 20:34:54 -0600",
    "description": "T-Systems México ha establecido políticas que garantizan que todas las personas tengan acceso a oportunidades laborales.",
    "feedType": "ElEconomistaRSS",
    "newsMedia": "El Economista",
    "section": "Edición completa",
    "author": [
      ""
    ],
    "authors": [
      {
        "name": ""
      },
      {
        "name": ""
      }
    ],
    "fullContent": "NO TEXT FOUND"
  },
  {
    "link": "https://www.eleconomista.com.mx/empresas/otorgan-certificacion-leed-oro-planta-tajin-20241014-730023.html",
    "categories": [
      "empresas"
    ],
    "title": "Otorgan certificación LEED Oro para la planta de Tajín",
    "pubDate": "Mon, 14 Oct 2024 20:31:45 -0600",
    "description": "El 100% del agua que se utiliza en los procesos productivos de la planta es tratada y reutilizada para el riego de espacios verdes y de saneamiento como baños, limpieza, etcétera.",
    "feedType": "ElEconomistaRSS",
    "newsMedia": "El Economista",
    "section": "Edición completa",
    "author": [
      ""
    ],
    "authors": [
      {
        "name": ""
      },
      {
        "name": ""
      }
    ],
    "fullContent": "NO TEXT FOUND"
  },
  {
    "link": "https://www.eleconomista.com.mx/opinion/y-podra-defendernos-20241014-730022.html",
    "categories": [
      "opinion"
    ],
    "title": "¿Y ahora quién podrá defendernos?",
    "pubDate": "Mon, 14 Oct 2024 20:29:49 -0600",
    "description": "",
    "feedType": "ElEconomistaRSS",
    "newsMedia": "El Economista",
    "section": "Edición completa",
    "author": [
      ""
    ],
    "authors": [
      {
        "name": ""
      },
      {
        "name": ""
      }
    ],
    "fullContent": "NO TEXT FOUND"
  },
  {
    "link": "https://www.eleconomista.com.mx/politica/monreal-reconoce-minutas-sobre-leyes-secundarias-reforma-judicial-contienen-errores-20241014-730021.html",
    "categories": [
      "politica"
    ],
    "title": "Monreal reconoce que minutas sobre las leyes secundarias de la reforma judicial contienen errores",
    "pubDate": "Mon, 14 Oct 2024 20:25:33 -0600",
    "description": "El diputado morenista defendió que para corregir los errores y contradicciones del dictamen se puede hacer uso de los artículos transitorios.",
    "feedType": "ElEconomistaRSS",
    "newsMedia": "El Economista",
    "section": "Edición completa",
    "author": [
      ""
    ],
    "authors": [
      {
        "name": ""
      },
      {
        "name": ""
      }
    ],
    "fullContent": "NO TEXT FOUND"
  },
  {
    "link": "https://www.eleconomista.com.mx/arteseideas/derecho-cultura-toma-asiento-tlaxcala-congreso-iberoamericano-20241014-730020.html",
    "categories": [
      "arteseideas"
    ],
    "title": "El derecho de la cultura toma asiento en Tlaxcala en congreso iberoamericano",
    "pubDate": "Mon, 14 Oct 2024 20:09:46 -0600",
    "description": "Convocados por la Secretaría General Iberoamericana, destacados especialistas de 22 países se reúnen en Tlaxcala en el 2° Congreso Iberoamericano de Derecho de la Cultura para analizar los desafíos culturales de cara al Mondiacult Barcelona 2025; “el derecho de la cultura llegó para quedarse”, afirman.",
    "feedType": "ElEconomistaRSS",
    "newsMedia": "El Economista",
    "section": "Edición completa",
    "author": [
      ""
    ],
    "authors": [
      {
        "name": ""
      },
      {
        "name": ""
      }
    ],
    "fullContent": "NO TEXT FOUND"
  },
  {
    "link": "https://www.eleconomista.com.mx/opinion/premio-nobel-describe-mexico-20241014-730019.html",
    "categories": [
      "opinion"
    ],
    "title": "Un premio Nobel que describe a México",
    "pubDate": "Mon, 14 Oct 2024 20:09:38 -0600",
    "description": "",
    "feedType": "ElEconomistaRSS",
    "newsMedia": "El Economista",
    "section": "Edición completa",
    "author": [
      ""
    ],
    "authors": [
      {
        "name": ""
      },
      {
        "name": ""
      }
    ],
    "fullContent": "NO TEXT FOUND"
  },
  {
    "link": "https://www.eleconomista.com.mx/sectorfinanciero/fintech-aun-resuelven-necesidades-usuarios-20241014-730018.html",
    "categories": [
      "sectorfinanciero"
    ],
    "title": "Las fintech aún no resuelven necesidades de los usuarios",
    "pubDate": "Mon, 14 Oct 2024 20:07:03 -0600",
    "description": "Las conversaciones y esfuerzos del sector se deben encaminar a potenciar el uso de la tecnología para facilitar el acceso a servicios financieros.",
    "feedType": "ElEconomistaRSS",
    "newsMedia": "El Economista",
    "section": "Edición completa",
    "author": [
      ""
    ],
    "authors": [
      {
        "name": ""
      },
      {
        "name": ""
      }
    ],
    "fullContent": "NO TEXT FOUND"
  },
  {
    "link": "https://www.eleconomista.com.mx/sectorfinanciero/turcos-buscan-reducir-limites-tarjetas-credito-controvertida-propuesta-ley-20241014-730017.html",
    "categories": [
      "sectorfinanciero"
    ],
    "title": "Los turcos buscan reducir los límites de sus tarjetas de crédito tras controvertida propuesta de ley",
    "pubDate": "Mon, 14 Oct 2024 20:00:05 -0600",
    "description": "Los cambios relativos a las tarjetas de crédito prevén una tasa de contribución anual de 750 liras turcas (22 dólares) para las tarjetas con límites superiores a 100,000 liras.",
    "feedType": "ElEconomistaRSS",
    "newsMedia": "El Economista",
    "section": "Edición completa",
    "author": [
      ""
    ],
    "authors": [
      {
        "name": ""
      },
      {
        "name": ""
      }
    ],
    "fullContent": "NO TEXT FOUND"
  },
  {
    "link": "https://www.eleconomista.com.mx/finanzaspersonales/administra-mejor-dinero-apartados-bancarios-20241014-730015.html",
    "categories": [
      "finanzaspersonales"
    ],
    "title": "Administra mejor tu dinero con los apartados bancarios, ¿ya los usas?",
    "pubDate": "Mon, 14 Oct 2024 19:51:39 -0600",
    "description": "¿Separas tus gastos mensuales? Quizá has visto videos sobre el uso de sobres para dividir tus gastos, aquí te contamos sobre una forma para apartar tu dinero, pero de forma digital.",
    "feedType": "ElEconomistaRSS",
    "newsMedia": "El Economista",
    "section": "Edición completa",
    "author": [
      ""
    ],
    "authors": [
      {
        "name": ""
      },
      {
        "name": ""
      }
    ],
    "fullContent": "NO TEXT FOUND"
  },
  {
    "link": "https://www.eleconomista.com.mx/opinion/personalidad-financiera-y-influye-tus-finanzas-personales-parte-2-20241014-730014.html",
    "categories": [
      "opinion"
    ],
    "title": "¿Cuál es tu personalidad financiera y cómo influye en tus finanzas personales? Parte 2 de 8",
    "pubDate": "Mon, 14 Oct 2024 19:43:54 -0600",
    "description": "",
    "feedType": "ElEconomistaRSS",
    "newsMedia": "El Economista",
    "section": "Edición completa",
    "author": [
      ""
    ],
    "authors": [
      {
        "name": ""
      },
      {
        "name": ""
      }
    ],
    "fullContent": "NO TEXT FOUND"
  },
  {
    "link": "https://www.eleconomista.com.mx/opinion/vias-alternas-desigualdad-20241014-730013.html",
    "categories": [
      "opinion"
    ],
    "title": "Vías alternas contra la desigualdad",
    "pubDate": "Mon, 14 Oct 2024 19:27:36 -0600",
    "description": "",
    "feedType": "ElEconomistaRSS",
    "newsMedia": "El Economista",
    "section": "Edición completa",
    "author": [
      ""
    ],
    "authors": [
      {
        "name": ""
      },
      {
        "name": ""
      }
    ],
    "fullContent": "NO TEXT FOUND"
  },
  {
    "link": "https://www.eleconomista.com.mx/politica/senadores-aprueban-comisiones-reforma-sistema-ferroviario-20241014-730012.html",
    "categories": [
      "politica"
    ],
    "title": "Senadores aprueban en comisiones la reforma al sistema ferroviario",
    "pubDate": "Mon, 14 Oct 2024 19:13:57 -0600",
    "description": "Con estas modificaciones se  busca retomar el control estatal sobre las vías ferroviarias, específicamente para la prestación del servicio de pasajeros.",
    "feedType": "ElEconomistaRSS",
    "newsMedia": "El Economista",
    "section": "Edición completa",
    "author": [
      ""
    ],
    "authors": [
      {
        "name": ""
      },
      {
        "name": ""
      }
    ],
    "fullContent": "NO TEXT FOUND"
  },
  {
    "link": "https://www.eleconomista.com.mx/internacionales/netanyahu-promete-israel-seguira-atacando-piedad-hezbola-20241014-730011.html",
    "categories": [
      "internacionales"
    ],
    "title": "Netanyahu promete que Israel seguirá \"atacando sin piedad\" a Hezbolá",
    "pubDate": "Mon, 14 Oct 2024 18:58:25 -0600",
    "description": "Hezbolá reivindicó un bombardeo con cohetes contra una base naval cerca de Haifa, en el norte de Israel, un ataque contra un cuartel próximo a Netanyahu.",
    "feedType": "ElEconomistaRSS",
    "newsMedia": "El Economista",
    "section": "Edición completa",
    "author": [
      ""
    ],
    "authors": [
      {
        "name": ""
      },
      {
        "name": ""
      }
    ],
    "fullContent": "NO TEXT FOUND"
  },
  {
    "link": "https://www.eleconomista.com.mx/deportes/pochettino-ancla-masificar-futbol-estados-unidos-20241014-730010.html",
    "categories": [
      "deportes"
    ],
    "title": "Pochettino, ancla para masificar futbol en Estados Unidos",
    "pubDate": "Mon, 14 Oct 2024 18:53:25 -0600",
    "description": "Como entrenador de la selección norteamericana no sólo tiene la tarea de brillar como anfitrión de la próxima Copa del Mundo, sino captar más aficionados a este deporte.",
    "feedType": "ElEconomistaRSS",
    "newsMedia": "El Economista",
    "section": "Edición completa",
    "author": [
      ""
    ],
    "authors": [
      {
        "name": ""
      },
      {
        "name": ""
      }
    ],
    "fullContent": "NO TEXT FOUND"
  },
  {
    "link": "https://www.eleconomista.com.mx/estados/mexico-y-nuevo-leon-son-claves-electrificacion-automotriz-nearshoring-20241014-730009.html",
    "categories": [
      "estados"
    ],
    "title": "México y Nuevo León son claves para la electrificación automotriz por el nearshoring",
    "pubDate": "Mon, 14 Oct 2024 18:50:57 -0600",
    "description": "Expertos del sector automotriz resaltaron las ventajas competitivas del estado, como su capital humano, superávit energético y capacidad de colaboración para crear contenido regional.",
    "feedType": "ElEconomistaRSS",
    "newsMedia": "El Economista",
    "section": "Edición completa",
    "author": [
      ""
    ],
    "authors": [
      {
        "name": ""
      },
      {
        "name": ""
      }
    ],
    "fullContent": "NO TEXT FOUND"
  },
  {
    "link": "https://www.eleconomista.com.mx/autos/tank-500-nuevo-integrante-gwm-20241014-730008.html",
    "categories": [
      "autos"
    ],
    "title": "Tank 500, el nuevo integrante de GWM",
    "pubDate": "Mon, 14 Oct 2024 18:43:31 -0600",
    "description": "Great Wall México anunció durante la celebración de su primer aniversario, la llegada de este suv de grandes dimensiones al país. Estará disponible a principios de 2025.",
    "feedType": "ElEconomistaRSS",
    "newsMedia": "El Economista",
    "section": "Edición completa",
    "author": [
      ""
    ],
    "authors": [
      {
        "name": ""
      },
      {
        "name": ""
      }
    ],
    "fullContent": "NO TEXT FOUND"
  },
  {
    "link": "https://www.eleconomista.com.mx/internacionales/union-europea-formaliza-dificultad-postura-comun-frente-cop29-20241014-730007.html",
    "categories": [
      "internacionales"
    ],
    "title": "Unión Europea formaliza con dificultad una postura común frente a la COP29",
    "pubDate": "Mon, 14 Oct 2024 18:42:57 -0600",
    "description": "Los países de la Unión Europea han reclamado \"un grupo mayor de contribuyentes\" acorde con la participación de cada uno en las emisiones de gas de efecto invernadero.",
    "feedType": "ElEconomistaRSS",
    "newsMedia": "El Economista",
    "section": "Edición completa",
    "author": [
      ""
    ],
    "authors": [
      {
        "name": ""
      },
      {
        "name": ""
      }
    ],
    "fullContent": "NO TEXT FOUND"
  },
  {
    "link": "https://www.eleconomista.com.mx/sectorfinanciero/moody-s-ve-beneficios-desafios-transicion-fintech-bancos-20241014-730006.html",
    "categories": [
      "sectorfinanciero"
    ],
    "title": "Moody&#039;s ve beneficios, pero también desafíos en transición de fintech a bancos",
    "pubDate": "Mon, 14 Oct 2024 18:25:52 -0600",
    "description": "La calificadora spera consolidación y confluencia del ecosistema en el 2025. Podrían ofrecer un abanico más amplio de productos, principalmente de captación con mayores coberturas, y al mismo tiempo tendrían que cumplir con una regulación más rigurosa y costosa.",
    "feedType": "ElEconomistaRSS",
    "newsMedia": "El Economista",
    "section": "Edición completa",
    "author": [
      ""
    ],
    "authors": [
      {
        "name": ""
      },
      {
        "name": ""
      }
    ],
    "fullContent": "NO TEXT FOUND"
  },
  {
    "link": "https://www.eleconomista.com.mx/videos/vivienda-costo-como-estara-dividida-politica-habitacional-claudia-sheinbaum-20241014-730005.html",
    "categories": [
      "videos"
    ],
    "title": "Vivienda de bajo costo: ¿Cómo estará dividida la política habitacional de Claudia Sheinbaum?",
    "pubDate": "Mon, 14 Oct 2024 18:25:41 -0600",
    "description": "A unas semanas de haber iniciado su gobierno, la presidenta Claudia Sheinbaum Pardo presentó los detalles de la política que marcará el rumbo habitacional del país durante su sexenio, con un objetivo clave, que es el de brindar vivienda de bajo costo a las personas que más lo necesiten.",
    "feedType": "ElEconomistaRSS",
    "newsMedia": "El Economista",
    "section": "Edición completa",
    "author": [
      ""
    ],
    "authors": [
      {
        "name": ""
      },
      {
        "name": ""
      }
    ],
    "fullContent": "NO TEXT FOUND"
  },
  {
    "link": "https://www.eleconomista.com.mx/estados/reduce-edomex-5-61-delitos-alto-impacto-ano-gobierno-delfina-gomez-alvarez-cristobal-castaneda-camarillo-20241014-730004.html",
    "categories": [
      "estados"
    ],
    "title": "Reduce EdoMéx 5.61% delitos de alto impacto a un año de gobierno de Delfina Gómez Álvarez: Cristóbal Castañeda Camarillo",
    "pubDate": "Mon, 14 Oct 2024 18:17:24 -0600",
    "description": "",
    "feedType": "ElEconomistaRSS",
    "newsMedia": "El Economista",
    "section": "Edición completa",
    "author": [
      ""
    ],
    "authors": [
      {
        "name": ""
      },
      {
        "name": ""
      }
    ],
    "fullContent": "NO TEXT FOUND"
  },
  {
    "link": "https://www.eleconomista.com.mx/estados/banco-alimentos-proyecta-jalisco-hambre-decada-20241014-730003.html",
    "categories": [
      "estados"
    ],
    "title": "Banco de Alimentos proyecta un \"Jalisco sin hambre\" en una década",
    "pubDate": "Mon, 14 Oct 2024 18:09:41 -0600",
    "description": "A través del Torneo de Golf Adolf Horn, empresarios locales donarán al organismo 750,000 pesos para entregar despensas a personas en carencia alimentaria.",
    "feedType": "ElEconomistaRSS",
    "newsMedia": "El Economista",
    "section": "Edición completa",
    "author": [
      ""
    ],
    "authors": [
      {
        "name": ""
      },
      {
        "name": ""
      }
    ],
    "fullContent": "NO TEXT FOUND"
  },
  {
    "link": "https://www.eleconomista.com.mx/arteseideas/programa-teatro-barrio-inundara-plazas-publicas-cdmx-20241014-730002.html",
    "categories": [
      "arteseideas"
    ],
    "title": "El programa ‘Teatro en tu barrio’ inundará las plazas públicas de la CDMX",
    "pubDate": "Mon, 14 Oct 2024 18:01:23 -0600",
    "description": "En su segunda edición del año, el programa reunirá tres espectáculos interdisciplinarios (que involucran teatro, danza y música), dos puestas en escena para infancias, dos sesiones de teatro-cabaret, una obra de teatro para toda la familia, un espectáculo de circo y un concierto escénico con música de diversos géneros urbanos en Utopías de Iztapalapa, otras alcaldías, Museo del Telégrafo y Biblioteca Vasconcelos.",
    "feedType": "ElEconomistaRSS",
    "newsMedia": "El Economista",
    "section": "Edición completa",
    "author": [
      ""
    ],
    "authors": [
      {
        "name": ""
      },
      {
        "name": ""
      }
    ],
    "fullContent": "NO TEXT FOUND"
  },
  {
    "link": "https://www.eleconomista.com.mx/estados/duenos-franquicias-piden-nuevo-gobierno-municipal-puebla-acabar-hostigamientos-negocios-20241014-730001.html",
    "categories": [
      "estados"
    ],
    "title": "Dueños de franquicias piden a nuevo gobierno municipal de Puebla acabar con hostigamientos a negocios",
    "pubDate": "Mon, 14 Oct 2024 17:59:58 -0600",
    "description": "La Red Mexicana de Franquicias en Puebla solicitó al nuevo gobierno municipal que ponga fin a los hostigamientos y extorsiones por parte de inspectores, quienes han solicitado sobornos a los dueños de negocios para evitar multas por supuestas irregularidades.",
    "feedType": "ElEconomistaRSS",
    "newsMedia": "El Economista",
    "section": "Edición completa",
    "author": [
      ""
    ],
    "authors": [
      {
        "name": ""
      },
      {
        "name": ""
      }
    ],
    "fullContent": "NO TEXT FOUND"
  },
  {
    "link": "https://www.eleconomista.com.mx/videos/google-firma-acuerdo-energia-nuclear-startup-kairos-20241014-730000.html",
    "categories": [
      "videos"
    ],
    "title": "Google firma un acuerdo de energía nuclear con la startup Kairos",
    "pubDate": "Mon, 14 Oct 2024 17:51:12 -0600",
    "description": "Google firmó el lunes un acuerdo para obtener electricidad de pequeños reactores nucleares para ayudar a alimentar la inteligencia artificial (IA).",
    "feedType": "ElEconomistaRSS",
    "newsMedia": "El Economista",
    "section": "Edición completa",
    "author": [
      ""
    ],
    "authors": [
      {
        "name": ""
      },
      {
        "name": ""
      }
    ],
    "fullContent": "NO TEXT FOUND"
  },
  {
    "link": "https://www.eleconomista.com.mx/empresas/descarrilamiento-crea-nuevo-contratiempo-exportacion-grano-estados-unidos-y-mexico-20241014-729998.html",
    "categories": [
      "empresas"
    ],
    "title": "Un descarrilamiento crea nuevo contratiempo en exportación de grano entre Estados Unidos y México",
    "pubDate": "Mon, 14 Oct 2024 17:44:39 -0600",
    "description": "La situación se da en un momento en que los agricultores estadounidenses están recogiendo grandes cosechas de maíz y soja.",
    "feedType": "ElEconomistaRSS",
    "newsMedia": "El Economista",
    "section": "Edición completa",
    "author": [
      ""
    ],
    "authors": [
      {
        "name": ""
      },
      {
        "name": ""
      }
    ],
    "fullContent": "NO TEXT FOUND"
  },
  {
    "link": "https://www.eleconomista.com.mx/estados/trabajadores-judicial-manifiestan-cancun-piden-apoyo-estados-unidos-20241014-729997.html",
    "categories": [
      "estados"
    ],
    "title": "Trabajadores del Poder Judicial se manifiestan en Cancún; piden apoyo a Estados Unidos",
    "pubDate": "Mon, 14 Oct 2024 17:31:54 -0600",
    "description": "Trabajadores del Poder Judicial en Cancún protestaron contra la Reforma Judicial del gobierno federal, cerrando accesos y dirigiendo pancartas al gobierno estadounidense, para buscar apoyo en su oposición al sorteo que afecta la carrera judicial en México.",
    "feedType": "ElEconomistaRSS",
    "newsMedia": "El Economista",
    "section": "Edición completa",
    "author": [
      ""
    ],
    "authors": [
      {
        "name": ""
      },
      {
        "name": ""
      }
    ],
    "fullContent": "NO TEXT FOUND"
  },
  {
    "link": "https://www.eleconomista.com.mx/videos/sindicatos-jugadores-y-ligas-denuncian-fifa-calendario-sobrecargado-20241014-729996.html",
    "categories": [
      "videos"
    ],
    "title": "Sindicatos de jugadores y ligas denuncian a la FIFA por el calendario sobrecargado",
    "pubDate": "Mon, 14 Oct 2024 17:26:26 -0600",
    "description": "Los principales organismos que representan a futbolistas y ligas nacionales de Europa interpusieron este lunes una denuncia ante la Comisión Europea, acusando a la FIFA de abusar de su posición dominante sobre los cambios en el calendario de partidos internacionales y la continua ampliación de los torneos.",
    "feedType": "ElEconomistaRSS",
    "newsMedia": "El Economista",
    "section": "Edición completa",
    "author": [
      ""
    ],
    "authors": [
      {
        "name": ""
      },
      {
        "name": ""
      }
    ],
    "fullContent": "NO TEXT FOUND"
  },
  {
    "link": "https://www.eleconomista.com.mx/videos/precios-petroleo-caen-2-afectados-medidas-economicas-china-20241014-729995.html",
    "categories": [
      "videos"
    ],
    "title": "Precios del petróleo caen 2% afectados por medidas económicas de China",
    "pubDate": "Mon, 14 Oct 2024 17:18:01 -0600",
    "description": "China, primer importador de oro negro, anunció el sábado que recurrirá masivamente al endeudamiento público, por medio de bonos especiales, para estimular su desacelerada economía y propulsar el sector inmobiliario y la banca.",
    "feedType": "ElEconomistaRSS",
    "newsMedia": "El Economista",
    "section": "Edición completa",
    "author": [
      ""
    ],
    "authors": [
      {
        "name": ""
      },
      {
        "name": ""
      }
    ],
    "fullContent": "NO TEXT FOUND"
  },
  {
    "link": "https://www.eleconomista.com.mx/estados/encarece-construccion-vivienda-queretaro-20241014-729994.html",
    "categories": [
      "estados"
    ],
    "title": "Se encarece la construcción de la vivienda en Querétaro",
    "pubDate": "Mon, 14 Oct 2024 17:16:52 -0600",
    "description": "En septiembre, la construcción residencial en Querétaro enfrentó un aumento de inflación del 4.09%, el más alto del año, superando las cifras del año anterior y reflejando una escalada en los costos de mano de obra y materiales.",
    "feedType": "ElEconomistaRSS",
    "newsMedia": "El Economista",
    "section": "Edición completa",
    "author": [
      ""
    ],
    "authors": [
      {
        "name": ""
      },
      {
        "name": ""
      }
    ],
    "fullContent": "NO TEXT FOUND"
  },
  {
    "link": "https://www.eleconomista.com.mx/econohabitat/vivienda-costo-estara-dividida-politica-habitacional-claudia-sheinbaum-20241014-729991.html",
    "categories": [
      "econohabitat"
    ],
    "title": "Vivienda de bajo costo: ¿Cómo estará dividida la política habitacional de Claudia Sheinbaum?",
    "pubDate": "Mon, 14 Oct 2024 17:15:53 -0600",
    "description": "Se estima que se realizará una inversión cercana a los 600,000 millones de pesos; se prevén esquemas de renta social",
    "feedType": "ElEconomistaRSS",
    "newsMedia": "El Economista",
    "section": "Edición completa",
    "author": [
      ""
    ],
    "authors": [
      {
        "name": ""
      },
      {
        "name": ""
      }
    ],
    "fullContent": "NO TEXT FOUND"
  },
  {
    "link": "https://www.eleconomista.com.mx/deportes/coco-gauff-lidera-actualizacion-invitadas-wta-finals-20241014-729989.html",
    "categories": [
      "deportes"
    ],
    "title": "Coco Gauff lidera actualización de invitadas a WTA Finals 2024",
    "pubDate": "Mon, 14 Oct 2024 17:13:55 -0600",
    "description": "Tras la conclusión del último WTA 1000 de esta temporada, se completaron seis de las ocho plazas para el torneo de ‘maestras’ de Arabia Saudita.",
    "feedType": "ElEconomistaRSS",
    "newsMedia": "El Economista",
    "section": "Edición completa",
    "author": [
      ""
    ],
    "authors": [
      {
        "name": ""
      },
      {
        "name": ""
      }
    ],
    "fullContent": "NO TEXT FOUND"
  },
  {
    "link": "https://www.eleconomista.com.mx/empresas/cumbre-empresarial-congregara-200-ceo-s-20241014-729990.html",
    "categories": [
      "empresas"
    ],
    "title": "La Cumbre Empresarial congregará a más de 200 CEO’s",
    "pubDate": "Mon, 14 Oct 2024 17:11:27 -0600",
    "description": "El U.S. México CEO Dialogue fue establecido en 2013 por el Consejo Coordinador Empresarial (CCE) y la U.S. Chamber of Commerce (USCC), y es el principal mecanismo de interacción de alto nivel entre el sector privado y funcionarios tanto de México como de Estados Unidos.",
    "feedType": "ElEconomistaRSS",
    "newsMedia": "El Economista",
    "section": "Edición completa",
    "author": [
      ""
    ],
    "authors": [
      {
        "name": ""
      },
      {
        "name": ""
      }
    ],
    "fullContent": "NO TEXT FOUND"
  },
  {
    "link": "https://www.eleconomista.com.mx/estados/pymes-requieren-financiamiento-integrarse-proveedores-industria-electronica-cadelec-20241014-729993.html",
    "categories": [
      "estados"
    ],
    "title": "Financiamiento, clave para pymes en proveeduría de industria electrónica",
    "pubDate": "Mon, 14 Oct 2024 17:08:40 -0600",
    "description": "De acuerdo con el organismo, la proveeduría local del sector es de apenas 8 a 10 por ciento.",
    "feedType": "ElEconomistaRSS",
    "newsMedia": "El Economista",
    "section": "Edición completa",
    "author": [
      ""
    ],
    "authors": [
      {
        "name": ""
      },
      {
        "name": ""
      }
    ],
    "fullContent": "NO TEXT FOUND"
  },
  {
    "link": "https://www.eleconomista.com.mx/videos/oms-espera-recibir-contribuciones-1-000-millones-dolares-proximo-anos-20241014-729992.html",
    "categories": [
      "videos"
    ],
    "title": "OMS espera recibir contribuciones por 1,000 millones de dólares para el próximo años",
    "pubDate": "Mon, 14 Oct 2024 17:08:31 -0600",
    "description": "Alemania, que con Estados Unidos son los mayores donantes de la organización con sede en Ginebra, dijo que aportaría al menos 392,47 millones de dólares.",
    "feedType": "ElEconomistaRSS",
    "newsMedia": "El Economista",
    "section": "Edición completa",
    "author": [
      ""
    ],
    "authors": [
      {
        "name": ""
      },
      {
        "name": ""
      }
    ],
    "fullContent": "NO TEXT FOUND"
  },
  {
    "link": "https://www.eleconomista.com.mx/videos/peso-mexicano-cae-comienzo-semana-dolar-fortalecido-20241014-729988.html",
    "categories": [
      "videos"
    ],
    "title": "Peso mexicano cae en el comienzo de la semana ante un dólar fortalecido",
    "pubDate": "Mon, 14 Oct 2024 17:02:48 -0600",
    "description": "El peso mexicano se depreció contra el dólar estadounidense en las operaciones de este lunes. La divisa local retrocedió ante un fortalecimiento del billete verde, a la espera de conocer indicadores económicos relevantes en Estados Unidos más adelante en la semana.",
    "feedType": "ElEconomistaRSS",
    "newsMedia": "El Economista",
    "section": "Edición completa",
    "author": [
      ""
    ],
    "authors": [
      {
        "name": ""
      },
      {
        "name": ""
      }
    ],
    "fullContent": "NO TEXT FOUND"
  },
  {
    "link": "https://www.eleconomista.com.mx/estados/puebla-buscara-denominaciones-cuatro-nuevos-pueblos-magicos-20241014-729987.html",
    "categories": [
      "estados"
    ],
    "title": "Puebla buscará denominaciones de cuatro nuevos Pueblos Mágicos",
    "pubDate": "Mon, 14 Oct 2024 17:02:16 -0600",
    "description": "La titular de la Secretaría de Turismo de Puebla dijo que se busca agregar los municipios de Tecali de Herrera y Zacapoaxtla a la denominación de Pueblos Mágicos.",
    "feedType": "ElEconomistaRSS",
    "newsMedia": "El Economista",
    "section": "Edición completa",
    "author": [
      ""
    ],
    "authors": [
      {
        "name": ""
      },
      {
        "name": ""
      }
    ],
    "fullContent": "NO TEXT FOUND"
  },
  {
    "link": "https://www.eleconomista.com.mx/capital-humano/stps-arranca-trabajos-impulsar-iniciativa-sobre-trabajadores-plataformas-digitales-20241014-729986.html",
    "categories": [
      "capital-humano"
    ],
    "title": "STPS se aboca a iniciativa para dar seguro a repartidores",
    "pubDate": "Mon, 14 Oct 2024 16:56:09 -0600",
    "description": "La dependencia que encabeza Marath Bolaños convocó esta semana a los colectivos de trabajadores de plataformas digitales a una reunión para cumplir con la presentación de la propuesta, misma que deberá quedar lista en este mes.",
    "feedType": "ElEconomistaRSS",
    "newsMedia": "El Economista",
    "section": "Edición completa",
    "author": [
      ""
    ],
    "authors": [
      {
        "name": ""
      },
      {
        "name": ""
      }
    ],
    "fullContent": "NO TEXT FOUND"
  },
  {
    "link": "https://www.eleconomista.com.mx/politica/discuten-hidalgo-tendencias-y-desafios-sector-energetico-20241014-729985.html",
    "categories": [
      "politica"
    ],
    "title": "Discuten en Hidalgo tendencias y desafíos del sector energético",
    "pubDate": "Mon, 14 Oct 2024 16:50:58 -0600",
    "description": "",
    "feedType": "ElEconomistaRSS",
    "newsMedia": "El Economista",
    "section": "Edición completa",
    "author": [
      ""
    ],
    "authors": [
      {
        "name": ""
      },
      {
        "name": ""
      }
    ],
    "fullContent": "NO TEXT FOUND"
  },
  {
    "link": "https://www.eleconomista.com.mx/videos/tres-trabajadores-demandan-pemex-lesiones-fuga-refineria-deer-park-20241014-729984.html",
    "categories": [
      "videos"
    ],
    "title": "Tres trabajadores demandan a Pemex por lesiones tras fuga en refinería de Deer Park",
    "pubDate": "Mon, 14 Oct 2024 16:43:51 -0600",
    "description": "Los tres trabajadores afirmaron en la demanda que Petróleos Mexicanos no mantuvo, controló, supervisó la refinería ni proporcionó condiciones de trabajo seguras dentro de la planta.",
    "feedType": "ElEconomistaRSS",
    "newsMedia": "El Economista",
    "section": "Edición completa",
    "author": [
      ""
    ],
    "authors": [
      {
        "name": ""
      },
      {
        "name": ""
      }
    ],
    "fullContent": "NO TEXT FOUND"
  },
  {
    "link": "https://www.eleconomista.com.mx/estados/tramites-licencias-conducir-permanentes-dejaran-ingresos-1-500-millones-pesos-cdmx-20241014-729983.html",
    "categories": [
      "estados"
    ],
    "title": "Trámites de licencias de conducir permanentes dejarán ingresos de hasta 1,500 millones de pesos en CDMX",
    "pubDate": "Mon, 14 Oct 2024 16:34:09 -0600",
    "description": "La jefa de Gobierno, Clara Brugada, anunció que la nueva licencia, con un costo de 1,500 pesos, eliminará las renovaciones periódicas y estará disponible de noviembre de 2024 a diciembre de 2025.",
    "feedType": "ElEconomistaRSS",
    "newsMedia": "El Economista",
    "section": "Edición completa",
    "author": [
      ""
    ],
    "authors": [
      {
        "name": ""
      },
      {
        "name": ""
      }
    ],
    "fullContent": "NO TEXT FOUND"
  },
  {
    "link": "https://www.eleconomista.com.mx/videos/diputados-discuten-leyes-secundarias-reforma-judicial-20241014-729982.html",
    "categories": [
      "videos"
    ],
    "title": "Diputados discuten las leyes secundarias de la reforma al Poder Judicial",
    "pubDate": "Mon, 14 Oct 2024 16:25:46 -0600",
    "description": "Las iniciativas planteadas por la presidenta Claudia Sheinbaum y aprobadas en el Senado de la República, fueron avaladas sin cambios en la Comisión de Justicia de la Cámara de Diputados este fin de semana.",
    "feedType": "ElEconomistaRSS",
    "newsMedia": "El Economista",
    "section": "Edición completa",
    "author": [
      ""
    ],
    "authors": [
      {
        "name": ""
      },
      {
        "name": ""
      }
    ],
    "fullContent": "NO TEXT FOUND"
  },
  {
    "link": "https://www.eleconomista.com.mx/estados/queretaro-comercios-proyectan-derrama-2-000-millones-pesos-buen-20241014-729979.html",
    "categories": [
      "estados"
    ],
    "title": "En Querétaro los comercios proyectan derrama de 2,000 millones de pesos por El Buen Fin",
    "pubDate": "Mon, 14 Oct 2024 16:23:17 -0600",
    "description": "La presidenta de la Cámara de Comercio de Querétaro, Lorena Muñoz Altamira, estimó que a través de este organismo del estado participen entre 30 y 40 productores de Querétaro.",
    "feedType": "ElEconomistaRSS",
    "newsMedia": "El Economista",
    "section": "Edición completa",
    "author": [
      ""
    ],
    "authors": [
      {
        "name": ""
      },
      {
        "name": ""
      }
    ],
    "fullContent": "NO TEXT FOUND"
  },
  {
    "link": "https://www.eleconomista.com.mx/politica/camara-diputados-avala-leyes-secundarias-reforma-judicial-20241014-729981.html",
    "categories": [
      "politica"
    ],
    "title": "Leyes secundarias de la reforma al Poder Judicial avanzan en el Pleno de la Cámara de Diputados",
    "pubDate": "Mon, 14 Oct 2024 16:15:56 -0600",
    "description": "Con 336 fotos a favor y 123 en contra, la Cámara Baja dio trámite a las iniciativas avaladas la semana pasada por el Senado de la República.",
    "feedType": "ElEconomistaRSS",
    "newsMedia": "El Economista",
    "section": "Edición completa",
    "author": [
      ""
    ],
    "authors": [
      {
        "name": ""
      },
      {
        "name": ""
      }
    ],
    "fullContent": "NO TEXT FOUND"
  },
  {
    "link": "https://www.eleconomista.com.mx/mercados/wall-street-avanza-maximos-valor-nvidia-aproxima-apple-20241014-729980.html",
    "categories": [
      "mercados"
    ],
    "title": "Wall Street avanza a máximos; valor de Nvidia se aproxima al de Apple",
    "pubDate": "Mon, 14 Oct 2024 16:10:25 -0600",
    "description": "Los promedios avanzaron, con el Dow Jones y el S&P 500 alcanzando récords ante una renovación del entusiasmo sobre las acciones del sector de tecnología.",
    "feedType": "ElEconomistaRSS",
    "newsMedia": "El Economista",
    "section": "Edición completa",
    "author": [
      ""
    ],
    "authors": [
      {
        "name": ""
      },
      {
        "name": ""
      }
    ],
    "fullContent": "NO TEXT FOUND"
  },
  {
    "link": "https://www.eleconomista.com.mx/estados/imco-observa-retos-empresas-avancen-paridad-genero-20241014-729978.html",
    "categories": [
      "estados"
    ],
    "title": "IMCO observa retos para que las empresas avancen hacia la paridad de género",
    "pubDate": "Mon, 14 Oct 2024 16:02:40 -0600",
    "description": "Valeria Guerra, fundadora de Kiik Consultores, junto con el Instituto Mexicano para la Competitividad (IMCO), elaboraron el estudio \"Las Brechas Persisten\". Algunos de los hallazgos destacan que sólo 13% de las mujeres ocupan un asiento en los Consejos de Administración, 3% están a cargo de la dirección general, 23% figuran en el área jurídica y 11% en el área financiera.",
    "feedType": "ElEconomistaRSS",
    "newsMedia": "El Economista",
    "section": "Edición completa",
    "author": [
      ""
    ],
    "authors": [
      {
        "name": ""
      },
      {
        "name": ""
      }
    ],
    "fullContent": "NO TEXT FOUND"
  },
  {
    "link": "https://www.eleconomista.com.mx/internacionales/acuerdo-multinacional-sobre-gestion-sostenible-nilo-entra-vigor-20241014-729977.html",
    "categories": [
      "internacionales"
    ],
    "title": "Acuerdo multinacional sobre la gestión sostenible del Nilo entra en vigor",
    "pubDate": "Mon, 14 Oct 2024 16:02:13 -0600",
    "description": "El tratado, firmado en 2010 en Entebbe, en Uganda, fue ratificado por cinco de los diez países de la iniciativa: Etiopía, Ruanda, Uganda, Tanzania y Burundi. Egipto y Sudán lo rechazaron.",
    "feedType": "ElEconomistaRSS",
    "newsMedia": "El Economista",
    "section": "Edición completa",
    "author": [
      ""
    ],
    "authors": [
      {
        "name": ""
      },
      {
        "name": ""
      }
    ],
    "fullContent": "NO TEXT FOUND"
  },
  {
    "link": "https://www.eleconomista.com.mx/mercados/bmv-cierra-perdidas-comienzo-temporada-reportes-20241014-729976.html",
    "categories": [
      "mercados"
    ],
    "title": "BMV cierra con pérdidas antes del comienzo de la temporada de reportes",
    "pubDate": "Mon, 14 Oct 2024 15:47:22 -0600",
    "description": "Los inversionistas esperan el comienzo de la temporada de reportes mañana, con el informe del gigante de las telecomunicaciones América Móvil, de Carlos Slim.",
    "feedType": "ElEconomistaRSS",
    "newsMedia": "El Economista",
    "section": "Edición completa",
    "author": [
      ""
    ],
    "authors": [
      {
        "name": ""
      },
      {
        "name": ""
      }
    ],
    "fullContent": "NO TEXT FOUND"
  },
  {
    "link": "https://www.eleconomista.com.mx/empresas/tres-trabajadores-demandan-pemex-lesiones-fuga-refineria-deer-park-20241014-729975.html",
    "categories": [
      "empresas"
    ],
    "title": "Tres trabajadores demandan a Pemex por lesiones tras fuga en refinería de Deer Park",
    "pubDate": "Mon, 14 Oct 2024 15:45:05 -0600",
    "description": "Los tres trabajadores afirmaron en la demanda que Petróleos Mexicanos no mantuvo, controló, supervisó la refinería ni proporcionó condiciones de trabajo seguras dentro de la planta.",
    "feedType": "ElEconomistaRSS",
    "newsMedia": "El Economista",
    "section": "Edición completa",
    "author": [
      ""
    ],
    "authors": [
      {
        "name": ""
      },
      {
        "name": ""
      }
    ],
    "fullContent": "NO TEXT FOUND"
  },
  {
    "link": "https://www.eleconomista.com.mx/internacionales/oms-espera-recibir-contribuciones-1-000-millones-dolares-proximo-anos-20241014-729974.html",
    "categories": [
      "internacionales"
    ],
    "title": "OMS espera recibir contribuciones por 1,000 millones de dólares para el próximo años",
    "pubDate": "Mon, 14 Oct 2024 15:37:05 -0600",
    "description": "Alemania, que con Estados Unidos son los mayores donantes de la organización con sede en Ginebra, dijo que aportaría al menos 392,47 millones de dólares.",
    "feedType": "ElEconomistaRSS",
    "newsMedia": "El Economista",
    "section": "Edición completa",
    "author": [
      ""
    ],
    "authors": [
      {
        "name": ""
      },
      {
        "name": ""
      }
    ],
    "fullContent": "NO TEXT FOUND"
  },
  {
    "link": "https://www.eleconomista.com.mx/empresas/cfcrl-sigue-lupa-proceso-renovacion-comite-nacional-sindicato-petrolero-20241014-729973.html",
    "categories": [
      "empresas"
    ],
    "title": "CFCRL sigue con lupa el proceso de renovación del Comité Nacional del Sindicato Petrolero",
    "pubDate": "Mon, 14 Oct 2024 15:28:30 -0600",
    "description": "El director general del Centro Federal de Conciliación y Registro Laboral, Alfredo Domínguez Marrufo, consideró que las lealtades a los líderes ha pesado mucho en los procesos de cambio sindical, en el caso de los petroleros.",
    "feedType": "ElEconomistaRSS",
    "newsMedia": "El Economista",
    "section": "Edición completa",
    "author": [
      ""
    ],
    "authors": [
      {
        "name": ""
      },
      {
        "name": ""
      }
    ],
    "fullContent": "NO TEXT FOUND"
  },
  {
    "link": "https://www.eleconomista.com.mx/videos/india-retira-embajador-canada-investigado-asesinato-lider-sij-20241014-729972.html",
    "categories": [
      "videos"
    ],
    "title": "India retira a su embajador de Canadá, investigado por el asesinato de un líder sij",
    "pubDate": "Mon, 14 Oct 2024 15:25:21 -0600",
    "description": "El Gobierno indio ha informado este lunes de la retirada de su embajador en Canadá, Sanjay Kumar Verma, y varios diplomáticos más que están siendo investigados por el caso del asesinato del dirigente separatista sij y líder de la Fuerza de los Tigres de Jalistán, Hardeep Singh Nijjar, tiroteado el 18 de junio de 2023.",
    "feedType": "ElEconomistaRSS",
    "newsMedia": "El Economista",
    "section": "Edición completa",
    "author": [
      ""
    ],
    "authors": [
      {
        "name": ""
      },
      {
        "name": ""
      }
    ],
    "fullContent": "NO TEXT FOUND"
  },
  {
    "link": "https://www.eleconomista.com.mx/videos/desempleo-mexico-mantiene-debajo-3-20241014-729968.html",
    "categories": [
      "videos"
    ],
    "title": "Desempleo en México se mantiene por debajo del 3% en lo que va del 2024",
    "pubDate": "Mon, 14 Oct 2024 15:14:45 -0600",
    "description": "Pese a las caídas en la creación de empleos, la tasa de desocupación se ha mantenido en niveles significativamente bajos en México. Esto se explica principalmente por el dinamismo del empleo en el sector informal.",
    "feedType": "ElEconomistaRSS",
    "newsMedia": "El Economista",
    "section": "Edición completa",
    "author": [
      ""
    ],
    "authors": [
      {
        "name": ""
      },
      {
        "name": ""
      }
    ],
    "fullContent": "NO TEXT FOUND"
  },
  {
    "link": "https://www.eleconomista.com.mx/empresas/petrobras-y-vale-asocian-descarbonizacion-brasil-20241014-729966.html",
    "categories": [
      "empresas"
    ],
    "title": "Petrobras y Vale se asocian para la descarbonización en Brasil",
    "pubDate": "Mon, 14 Oct 2024 15:10:46 -0600",
    "description": "Tanto Vale como Petrobras están buscando formas de reducir las emisiones de carbono de sus operaciones",
    "feedType": "ElEconomistaRSS",
    "newsMedia": "El Economista",
    "section": "Edición completa",
    "author": [
      ""
    ],
    "authors": [
      {
        "name": ""
      },
      {
        "name": ""
      }
    ],
    "fullContent": "NO TEXT FOUND"
  },
  {
    "link": "https://www.eleconomista.com.mx/mercados/nvidia-cerca-destronar-apple-compania-valiosa-20241014-729965.html",
    "categories": [
      "mercados"
    ],
    "title": "NVIDIA acelera la carrera por ser la empresa más valiosa",
    "pubDate": "Mon, 14 Oct 2024 15:09:52 -0600",
    "description": "Se pelea el trono con Apple. Fue la más valiosa brevemente y se encuentra entre las tres empresas más grandes del mundo, con Microsoft pisándole los talones.",
    "feedType": "ElEconomistaRSS",
    "newsMedia": "El Economista",
    "section": "Edición completa",
    "author": [
      ""
    ],
    "authors": [
      {
        "name": ""
      },
      {
        "name": ""
      }
    ],
    "fullContent": "NO TEXT FOUND"
  },
  {
    "link": "https://www.eleconomista.com.mx/mercados/precio-dolar-hoy-14-octubre-2024-cerro-20241014-729963.html",
    "categories": [
      "mercados"
    ],
    "title": "Peso mexicano cae en el comienzo de la semana ante un dólar fortalecido",
    "pubDate": "Mon, 14 Oct 2024 14:48:56 -0600",
    "description": "La divisa local retrocedió ante un fortalecimiento del billete verde, a la espera de conocer indicadores económicos relevantes en EU más adelante en la semana.",
    "feedType": "ElEconomistaRSS",
    "newsMedia": "El Economista",
    "section": "Edición completa",
    "author": [
      ""
    ],
    "authors": [
      {
        "name": ""
      },
      {
        "name": ""
      }
    ],
    "fullContent": "NO TEXT FOUND"
  },
  {
    "link": "https://www.eleconomista.com.mx/mercados/precios-petroleo-caen-2-afectados-medidas-economicas-china-20241014-729961.html",
    "categories": [
      "mercados"
    ],
    "title": "Precios del petróleo caen 2% afectados por medidas económicas de China",
    "pubDate": "Mon, 14 Oct 2024 14:47:10 -0600",
    "description": "China, primer importador de oro negro, anunció el sábado que recurrirá masivamente al endeudamiento público, por medio de bonos especiales, para estimular su desacelerada economía y propulsar el sector inmobiliario y la banca.",
    "feedType": "ElEconomistaRSS",
    "newsMedia": "El Economista",
    "section": "Edición completa",
    "author": [
      ""
    ],
    "authors": [
      {
        "name": ""
      },
      {
        "name": ""
      }
    ],
    "fullContent": "NO TEXT FOUND"
  },
  {
    "link": "https://www.eleconomista.com.mx/videos/nasa-lanza-investigar-posible-existencia-vida-luna-jupiter-20241014-729959.html",
    "categories": [
      "videos"
    ],
    "title": "La NASA se lanza a investigar la posible existencia de vida en una luna de Júpiter",
    "pubDate": "Mon, 14 Oct 2024 14:42:56 -0600",
    "description": "La sonda de la NASA Europa Clipper despegó el lunes desde Estados Unidos rumbo a una luna del planeta Júpiter para investigar si su composición permite albergar vida, un descubrimiento que tendría implicaciones vertiginosas.",
    "feedType": "ElEconomistaRSS",
    "newsMedia": "El Economista",
    "section": "Edición completa",
    "author": [
      ""
    ],
    "authors": [
      {
        "name": ""
      },
      {
        "name": ""
      }
    ],
    "fullContent": "NO TEXT FOUND"
  },
  {
    "link": "https://www.eleconomista.com.mx/internacionales/nasa-lanza-sonda-investigar-existencia-vida-luna-jupiter-20241014-729958.html",
    "categories": [
      "internacionales"
    ],
    "title": "La NASA lanza sonda para investigar la existencia de vida en una luna de Júpiter",
    "pubDate": "Mon, 14 Oct 2024 14:36:14 -0600",
    "description": "La misión debe permitir determinar la estructura y composición de su superficie congelada, la profundidad e incluso la salinidad del eventual océano.",
    "feedType": "ElEconomistaRSS",
    "newsMedia": "El Economista",
    "section": "Edición completa",
    "author": [
      ""
    ],
    "authors": [
      {
        "name": ""
      },
      {
        "name": ""
      }
    ],
    "fullContent": "NO TEXT FOUND"
  },
  {
    "link": "https://www.eleconomista.com.mx/empresas/llaman-terminar-sindicalizacion-mexico-20241014-729957.html",
    "categories": [
      "empresas"
    ],
    "title": "Buscan avivar sindicalización",
    "pubDate": "Mon, 14 Oct 2024 14:34:10 -0600",
    "description": "Carlos Aceves del Olmo, dirigente nacional de la CTM, dijo a El Economista que es fundamental que las autoridades laborales estén presentes en las propuestas que presentan los sindicatos, pues de lo que se trata es de no estar “sometidos”, sino de avanzar en las necesidades de los trabajadores.",
    "feedType": "ElEconomistaRSS",
    "newsMedia": "El Economista",
    "section": "Edición completa",
    "author": [
      ""
    ],
    "authors": [
      {
        "name": ""
      },
      {
        "name": ""
      }
    ],
    "fullContent": "NO TEXT FOUND"
  },
  {
    "link": "https://www.eleconomista.com.mx/videos/eu-reconoce-gran-parte-vuelos-habilitados-evacuacion-libano-han-sido-utilizados-20241014-729956.html",
    "categories": [
      "videos"
    ],
    "title": "EU reconoce que \"gran parte\" de los vuelos habilitados para la evacuación de Líbano no han sido utilizados",
    "pubDate": "Mon, 14 Oct 2024 14:14:39 -0600",
    "description": "La Embajada de Estados Unidos en Beirut ha hecho un nuevo llamamiento a sus ciudadanos en Líbano para recomendarles que abandonen el país, a la par que ha reconocido que \"gran parte\" de los vuelos habilitados para la evacuación de civiles no han sido utilizados y han despegado con muchas menos personas a bordo de las que podrían.",
    "feedType": "ElEconomistaRSS",
    "newsMedia": "El Economista",
    "section": "Edición completa",
    "author": [
      ""
    ],
    "authors": [
      {
        "name": ""
      },
      {
        "name": ""
      }
    ],
    "fullContent": "NO TEXT FOUND"
  },
  {
    "link": "https://www.eleconomista.com.mx/politica/diputados-discuten-leyes-secundarias-reforma-judicial-20241014-729955.html",
    "categories": [
      "politica"
    ],
    "title": "Diputados discuten las leyes secundarias de la reforma al Poder Judicial",
    "pubDate": "Mon, 14 Oct 2024 14:08:31 -0600",
    "description": "Las iniciativas planteadas por la presidenta Claudia Sheinbaum y aprobadas en el Senado de la República, fueron avaladas sin cambios en la Comisión de Justicia de la Cámara de Diputados este fin de semana.",
    "feedType": "ElEconomistaRSS",
    "newsMedia": "El Economista",
    "section": "Edición completa",
    "author": [
      ""
    ],
    "authors": [
      {
        "name": ""
      },
      {
        "name": ""
      }
    ],
    "fullContent": "NO TEXT FOUND"
  }
]