[
  {
    "link": "https://www.eleconomista.com.mx/politica/rocha-moya-entrega-premio-merito-cientifico-y-mejor-tesis-posgrado-edicion-20241019-730698.html",
    "categories": [
      "politica"
    ],
    "title": "Rocha Moya entrega el Premio al Mérito Científico y a la Mejor Tesis de Posgrado edición 2024",
    "pubDate": "Sat, 19 Oct 2024 12:44:11 -0600",
    "description": "",
    "feedType": "ElEconomistaRSS",
    "newsMedia": "El Economista",
    "section": "Edición completa",
    "author": [
      ""
    ],
    "authors": [
      {
        "name": ""
      },
      {
        "name": ""
      }
    ],
    "fullContent": "NO TEXT FOUND"
  },
  {
    "link": "https://www.eleconomista.com.mx/empresas/boeing-y-trabajadores-logran-acuerdo-principio-terminar-huelga-20241019-730697.html",
    "categories": [
      "empresas"
    ],
    "title": "Boeing y trabajadores logran acuerdo de principio para terminar con huelga",
    "pubDate": "Sat, 19 Oct 2024 12:41:05 -0600",
    "description": "Boeing y sus trabajadores alcanzaron un acuerdo de principio, más de un mes después del inicio del conflicto laboral.",
    "feedType": "ElEconomistaRSS",
    "newsMedia": "El Economista",
    "section": "Edición completa",
    "author": [
      ""
    ],
    "authors": [
      {
        "name": ""
      },
      {
        "name": ""
      }
    ],
    "fullContent": "NO TEXT FOUND"
  },
  {
    "link": "https://www.eleconomista.com.mx/internacionales/200-defensoras-ddhh-asesinadas-paises-centroamerica-y-mexico-diez-anos-informe-20241019-730685.html",
    "categories": [
      "internacionales"
    ],
    "title": "200 defensoras de DDHH fueron asesinadas en países de Centroamérica y México en diez años, informe",
    "pubDate": "Sat, 19 Oct 2024 12:30:00 -0600",
    "description": "Dirigentes de la Iniciativa Mesoamericana de Mujeres Defensoras de los Derechos Humanos presentaron en Tegucigalpa el informe \"Datos que nos duelen, redes que nos salvan. 10+ años de agresiones\" entre 2012-2023, que atribuye estos crímenes a una \"herencia colonial\" de \"opresiones estructurales\".",
    "feedType": "ElEconomistaRSS",
    "newsMedia": "El Economista",
    "section": "Edición completa",
    "author": [
      ""
    ],
    "authors": [
      {
        "name": ""
      },
      {
        "name": ""
      }
    ],
    "fullContent": "NO TEXT FOUND"
  },
  {
    "link": "https://www.eleconomista.com.mx/estados/estados-tasas-altas-mortalidad-cancer-mama-20241019-730677.html",
    "categories": [
      "estados"
    ],
    "title": "Estados con las tasas más altas de mortalidad por cáncer de mama",
    "pubDate": "Sat, 19 Oct 2024 12:30:00 -0600",
    "description": "En México, las entidades del norte del país son las que registran las tasas más altas de mortalidad relacionadas con cáncer de mama. Sonora encabeza la lista con 27.5 muertes por cada 100,000 mujeres.",
    "feedType": "ElEconomistaRSS",
    "newsMedia": "El Economista",
    "section": "Edición completa",
    "author": [
      ""
    ],
    "authors": [
      {
        "name": ""
      },
      {
        "name": ""
      }
    ],
    "fullContent": "NO TEXT FOUND"
  },
  {
    "link": "https://www.eleconomista.com.mx/politica/tormenta-nadine-toca-tierra-belice-y-provoca-lluvias-yucatan-20241019-730696.html",
    "categories": [
      "politica"
    ],
    "title": "Tormenta Nadine toca tierra en Belice y provoca lluvias en Yucatán",
    "pubDate": "Sat, 19 Oct 2024 11:14:21 -0600",
    "description": "La tormenta Nadine golpeaba Belice el sábado por la mañana, provocando lluvias torrenciales y fuertes vientos en el país centroamericano.",
    "feedType": "ElEconomistaRSS",
    "newsMedia": "El Economista",
    "section": "Edición completa",
    "author": [
      ""
    ],
    "authors": [
      {
        "name": ""
      },
      {
        "name": ""
      }
    ],
    "fullContent": "NO TEXT FOUND"
  },
  {
    "link": "https://www.eleconomista.com.mx/capital-humano/40-horas-semanales-siglo-xx-flexibilidad-laboral-xxi-20241019-730695.html",
    "categories": [
      "capital-humano"
    ],
    "title": "De las 40 horas semanales del siglo XX a la flexibilidad laboral del XXI",
    "pubDate": "Sat, 19 Oct 2024 11:00:00 -0600",
    "description": "",
    "feedType": "ElEconomistaRSS",
    "newsMedia": "El Economista",
    "section": "Edición completa",
    "author": [
      ""
    ],
    "authors": [
      {
        "name": ""
      },
      {
        "name": ""
      }
    ],
    "fullContent": "NO TEXT FOUND"
  },
  {
    "link": "https://www.eleconomista.com.mx/politica/vulcan-materials-declina-derechos-propiedad-nueva-area-natural-protegida-quintana-roo-20241019-730684.html",
    "categories": [
      "politica"
    ],
    "title": "Vulcan Materials no declina derechos de propiedad en nueva Área Natural Protegida en Quintana Roo",
    "pubDate": "Sat, 19 Oct 2024 11:00:00 -0600",
    "description": "Además, espera la resolución del tribunal arbitral establecido al amparo del TLCAN, donde, desde 2018, se analiza su reclamo al gobierno mexicano de una reparación de daños por alrededor de 1,500 millones de dólares.",
    "feedType": "ElEconomistaRSS",
    "newsMedia": "El Economista",
    "section": "Edición completa",
    "author": [
      ""
    ],
    "authors": [
      {
        "name": ""
      },
      {
        "name": ""
      }
    ],
    "fullContent": "NO TEXT FOUND"
  },
  {
    "link": "https://www.eleconomista.com.mx/los-especiales/salud/cancer-mama-y-reconstruccion-camino-esperanza-20241019-730670.html",
    "categories": [
      "los-especiales"
    ],
    "title": "Cáncer de mama y reconstrucción: Un camino hacia la esperanza",
    "pubDate": "Sat, 19 Oct 2024 10:00:00 -0600",
    "description": "Columna Invitada.",
    "feedType": "ElEconomistaRSS",
    "newsMedia": "El Economista",
    "section": "Edición completa",
    "author": [
      ""
    ],
    "authors": [
      {
        "name": ""
      },
      {
        "name": ""
      }
    ],
    "fullContent": "NO TEXT FOUND"
  },
  {
    "link": "https://www.eleconomista.com.mx/los-especiales/salud/acceso-universal-servicios-salud-primer-paso-enfrentar-incidencia-cancer-20241019-730667.html",
    "categories": [
      "los-especiales"
    ],
    "title": "Acceso universal a servicios de salud el primer paso para enfrentar incidencia del cáncer",
    "pubDate": "Sat, 19 Oct 2024 10:00:00 -0600",
    "description": "En 2024, se detectaron más de 200,000 nuevos casos de cáncer en México, cerca de 100,000 personas fallecieron",
    "feedType": "ElEconomistaRSS",
    "newsMedia": "El Economista",
    "section": "Edición completa",
    "author": [
      ""
    ],
    "authors": [
      {
        "name": ""
      },
      {
        "name": ""
      }
    ],
    "fullContent": "NO TEXT FOUND"
  },
  {
    "link": "https://www.eleconomista.com.mx/mercados/brilla-oro-futuros-2-700-dolares-onza-20241019-730681.html",
    "categories": [
      "mercados"
    ],
    "title": "Todo lo que brilla es oro: Futuros están arriba de los 2,700 dólares la onza",
    "pubDate": "Sat, 19 Oct 2024 09:30:00 -0600",
    "description": "Baja en tasas de interés, conflictos geopolíticos, debilitamiento del dólar fortalece al metal precioso",
    "feedType": "ElEconomistaRSS",
    "newsMedia": "El Economista",
    "section": "Edición completa",
    "author": [
      ""
    ],
    "authors": [
      {
        "name": ""
      },
      {
        "name": ""
      }
    ],
    "fullContent": "NO TEXT FOUND"
  },
  {
    "link": "https://www.eleconomista.com.mx/arteseideas/dia-lucha-cancer-mama-mexico-murieron-22-mujeres-causa-20241019-730683.html",
    "categories": [
      "arteseideas"
    ],
    "title": "Día de la Lucha contra el Cáncer de Mama: En México murieron 22 mujeres al día en 2023",
    "pubDate": "Sat, 19 Oct 2024 09:00:00 -0600",
    "description": "En total, durante el 2023, se registraron 7,992 muertes de fallecimientos por cáncer de mama. En México sólo el 15% de los diagnósticos de esta enfermedad se logran detectar en las fases tempranas.",
    "feedType": "ElEconomistaRSS",
    "newsMedia": "El Economista",
    "section": "Edición completa",
    "author": [
      ""
    ],
    "authors": [
      {
        "name": ""
      },
      {
        "name": ""
      }
    ],
    "fullContent": "NO TEXT FOUND"
  },
  {
    "link": "https://www.eleconomista.com.mx/arteseideas/dieta-prehispanica-mexico-versus-comida-industrializada-efectos-sobre-cambio-climatico-y-salud-humana-20241019-730680.html",
    "categories": [
      "arteseideas"
    ],
    "title": "La dieta prehispánica de México versus la comida industrializada: efectos sobre el cambio climático y la salud humana",
    "pubDate": "Sat, 19 Oct 2024 09:00:00 -0600",
    "description": "",
    "feedType": "ElEconomistaRSS",
    "newsMedia": "El Economista",
    "section": "Edición completa",
    "author": [
      ""
    ],
    "authors": [
      {
        "name": ""
      },
      {
        "name": ""
      }
    ],
    "fullContent": "NO TEXT FOUND"
  },
  {
    "link": "https://www.eleconomista.com.mx/politica/salud-casa-casa-conoce-nuevo-programa-y-requisitos-registrarte-20241019-730674.html",
    "categories": [
      "politica"
    ],
    "title": "Salud Casa por Casa: conoce este nuevo programa y los requisitos para registrarte",
    "pubDate": "Sat, 19 Oct 2024 09:00:00 -0600",
    "description": "Salud Casa por Casa es un nuevo programa del Bienestar en el que se realizarán consultas domiciliarias a las y los adultos mayores de 65 años.",
    "feedType": "ElEconomistaRSS",
    "newsMedia": "El Economista",
    "section": "Edición completa",
    "author": [
      ""
    ],
    "authors": [
      {
        "name": ""
      },
      {
        "name": ""
      }
    ],
    "fullContent": "NO TEXT FOUND"
  },
  {
    "link": "https://www.eleconomista.com.mx/videos/semaforo-lgbtfobico-permite-medir-y-diagnosticar-fenomeno-te-evaluaste-20241019-730448.html",
    "categories": [
      "videos"
    ],
    "title": "El Semáforo LGBTfóbico permite medir y diagnosticar el fenómeno ¿Tú ya te evaluaste?",
    "pubDate": "Sat, 19 Oct 2024 09:00:00 -0600",
    "description": "“Herramientas como el semáforo nos permite visualizar que todo está concatenado. Desde las microviolencias, que van escalando a violencias más peligrosas y riesgosas; todo esto también coarta derechos como el de la salud, a tener una carrera, una profesión, un trabajo, entre otras cosas”, Gerardo Sánchez Guadarrama, creador del semáforo.",
    "feedType": "ElEconomistaRSS",
    "newsMedia": "El Economista",
    "section": "Edición completa",
    "author": [
      ""
    ],
    "authors": [
      {
        "name": ""
      },
      {
        "name": ""
      }
    ],
    "fullContent": "NO TEXT FOUND"
  },
  {
    "link": "https://www.eleconomista.com.mx/politica/tren-mexico-pachuca-y-mexico-queretaro-proyectos-anuncio-sheinbaum-20241019-730694.html",
    "categories": [
      "politica"
    ],
    "title": "Tren México Pachuca y México Querétaro, lo que sabemos de los proyectos que anunció Sheinbaum",
    "pubDate": "Sat, 19 Oct 2024 08:00:23 -0600",
    "description": "Los proyectos ferroviarios llegaron tras la construcción del Tren Maya, una infraestructura que se creó con el objetivo de equilibrar el desarrollo de México.",
    "feedType": "ElEconomistaRSS",
    "newsMedia": "El Economista",
    "section": "Edición completa",
    "author": [
      ""
    ],
    "authors": [
      {
        "name": ""
      },
      {
        "name": ""
      }
    ],
    "fullContent": "NO TEXT FOUND"
  },
  {
    "link": "https://www.eleconomista.com.mx/arteseideas/jomo-alegria-desconectarse-digital-20241019-730679.html",
    "categories": [
      "arteseideas"
    ],
    "title": "JOMO: la alegría de desconectarse en la era digital",
    "pubDate": "Sat, 19 Oct 2024 08:00:00 -0600",
    "description": "",
    "feedType": "ElEconomistaRSS",
    "newsMedia": "El Economista",
    "section": "Edición completa",
    "author": [
      ""
    ],
    "authors": [
      {
        "name": ""
      },
      {
        "name": ""
      }
    ],
    "fullContent": "NO TEXT FOUND"
  },
  {
    "link": "https://www.eleconomista.com.mx/politica/licencia-conducir-permanente-cdmx-requisitos-y-costara-tramitarla-20241019-730693.html",
    "categories": [
      "politica"
    ],
    "title": "Licencia de conducir permanente de la CDMX: Requisitos y cuánto costará tramitarla",
    "pubDate": "Sat, 19 Oct 2024 07:00:00 -0600",
    "description": "La expedición de la licencia de conducir sólo estará vigente durante un año, siempre y cuando el Congreso local apruebe la iniciativa de la jefa de Gobierno Clara Brugada.",
    "feedType": "ElEconomistaRSS",
    "newsMedia": "El Economista",
    "section": "Edición completa",
    "author": [
      ""
    ],
    "authors": [
      {
        "name": ""
      },
      {
        "name": ""
      }
    ],
    "fullContent": "NO TEXT FOUND"
  },
  {
    "link": "https://www.eleconomista.com.mx/politica/regresan-rotulos-cuauhtemoc-esto-adelanto-alcaldesa-alessandra-rojo-vega-20241019-730678.html",
    "categories": [
      "politica"
    ],
    "title": "¿Regresan los rótulos a la Cuauhtémoc? Esto adelantó la alcaldesa Alessandra Rojo de la Vega",
    "pubDate": "Sat, 19 Oct 2024 07:00:00 -0600",
    "description": "La prohibición de rótulos en comercios de la alcaldía Cuauhtémoc generó gran controversia en 2022, principalmente por la forma en que se llevó a cabo y las implicaciones que tuvo en la identidad visual de la ciudad y los derechos de los comerciantes.",
    "feedType": "ElEconomistaRSS",
    "newsMedia": "El Economista",
    "section": "Edición completa",
    "author": [
      ""
    ],
    "authors": [
      {
        "name": ""
      },
      {
        "name": ""
      }
    ],
    "fullContent": "NO TEXT FOUND"
  },
  {
    "link": "https://www.eleconomista.com.mx/arteseideas/cancer-mama-y-puedes-donar-cabello-pelucas-oncologicas-20241019-730676.html",
    "categories": [
      "arteseideas"
    ],
    "title": "Cáncer de mama: cómo y dónde puedes donar cabello para pelucas oncológicas",
    "pubDate": "Sat, 19 Oct 2024 06:00:00 -0600",
    "description": "Los tratamientos para esta enfermdad suelen generar efectos secundarios en pacientes como la pérdida de cabello.",
    "feedType": "ElEconomistaRSS",
    "newsMedia": "El Economista",
    "section": "Edición completa",
    "author": [
      ""
    ],
    "authors": [
      {
        "name": ""
      },
      {
        "name": ""
      }
    ],
    "fullContent": "NO TEXT FOUND"
  },
  {
    "link": "https://www.eleconomista.com.mx/arteseideas/cancer-mama-signos-debes-poner-atencion-deteccion-temprana-20241019-730675.html",
    "categories": [
      "arteseideas"
    ],
    "title": "Cáncer de mama: Signos a los que debes poner atención para una detección temprana",
    "pubDate": "Sat, 19 Oct 2024 06:00:00 -0600",
    "description": "El 19 de octubre se celebra el Día Internacional de la Lucha contra el Cáncer de Mama con el objetivo principal de sensibilizar a la población mundial sobre esta enfermedad y promover la detección temprana.",
    "feedType": "ElEconomistaRSS",
    "newsMedia": "El Economista",
    "section": "Edición completa",
    "author": [
      ""
    ],
    "authors": [
      {
        "name": ""
      },
      {
        "name": ""
      }
    ],
    "fullContent": "NO TEXT FOUND"
  },
  {
    "link": "https://www.eleconomista.com.mx/finanzaspersonales/alto-costo-lucha-blinda-tus-finanzas-cancer-mama-20241019-730662.html",
    "categories": [
      "finanzaspersonales"
    ],
    "title": "El alto costo de la lucha: Blinda tus finanzas contra el cáncer de mama",
    "pubDate": "Sat, 19 Oct 2024 06:00:00 -0600",
    "description": "El cáncer de mama es una enfermedad que, además de mermar la salud, afecta la estabilidad financiera de los pacientes y sus familias.",
    "feedType": "ElEconomistaRSS",
    "newsMedia": "El Economista",
    "section": "Edición completa",
    "author": [
      ""
    ],
    "authors": [
      {
        "name": ""
      },
      {
        "name": ""
      }
    ],
    "fullContent": "NO TEXT FOUND"
  },
  {
    "link": "https://www.eleconomista.com.mx/politica/marina-decomisa-cargamento-droga-valor-2-099-mdp-interceptar-6-embarcaciones-michoacan-20241019-730692.html",
    "categories": [
      "politica"
    ],
    "title": "Marina decomisa cargamento de droga con valor de 2,099 mdp tras interceptar 6 embarcaciones en Michoacán",
    "pubDate": "Sat, 19 Oct 2024 02:39:14 -0600",
    "description": "La droga se encontraba repartida en seis embarcaciones menores que fueron interceptadas al suroeste del puerto de Lázaro Cárdenas. Reportan 23 detenidos.",
    "feedType": "ElEconomistaRSS",
    "newsMedia": "El Economista",
    "section": "Edición completa",
    "author": [
      ""
    ],
    "authors": [
      {
        "name": ""
      },
      {
        "name": ""
      }
    ],
    "fullContent": "NO TEXT FOUND"
  },
  {
    "link": "https://www.eleconomista.com.mx/internacionales/hamas-vivo-y-asi-seguira-muerte-sinwar-advierte-lider-supremo-iran-20241019-730691.html",
    "categories": [
      "internacionales"
    ],
    "title": "Hamás está \"vivo y así seguirá\" tras muerte de Sinwar, advierte líder supremo de Irán",
    "pubDate": "Sat, 19 Oct 2024 02:22:44 -0600",
    "description": "Irán no reconoce el estado de Israel y el apoyo a la causa palestina es uno de los pilares de su política exterior desde la Revolución islámica de 1979.",
    "feedType": "ElEconomistaRSS",
    "newsMedia": "El Economista",
    "section": "Edición completa",
    "author": [
      ""
    ],
    "authors": [
      {
        "name": ""
      },
      {
        "name": ""
      }
    ],
    "fullContent": "NO TEXT FOUND"
  },
  {
    "link": "https://www.eleconomista.com.mx/politica/nadine-forma-tormenta-tropical-mar-caribe-provocara-lluvias-torrenciales-3-estados-20241019-730690.html",
    "categories": [
      "politica"
    ],
    "title": "Nadine: Se forma tormenta tropical en el mar Caribe; provocará lluvias torrenciales en 3 estados",
    "pubDate": "Sat, 19 Oct 2024 02:16:56 -0600",
    "description": "De acuerdo con el Servicio Meteorológico Nacional (SMN) de Conagua, la tormenta tropical Nadine tiene vientos máximos sostenidos de 65 kilómetros por hora (km/h), rachas de 85 km/h y desplazamiento hacia el oeste a 13 km/h.",
    "feedType": "ElEconomistaRSS",
    "newsMedia": "El Economista",
    "section": "Edición completa",
    "author": [
      ""
    ],
    "authors": [
      {
        "name": ""
      },
      {
        "name": ""
      }
    ],
    "fullContent": "NO TEXT FOUND"
  },
  {
    "link": "https://www.eleconomista.com.mx/deportes/cruz-azul-primer-equipo-avanzar-cuartos-final-apertura-2024-liga-mx-20241019-730689.html",
    "categories": [
      "deportes"
    ],
    "title": "Cruz Azul, primer equipo en avanzar cuartos de final del Apertura 2024 de la Liga MX",
    "pubDate": "Sat, 19 Oct 2024 02:06:48 -0600",
    "description": "Con su décima victoria en el torneo, el Cruz Azul llegó a 31 puntos y se afianzó como líder. El Puebla se quedó con 11 unidades tras sufrir su octava derrota.",
    "feedType": "ElEconomistaRSS",
    "newsMedia": "El Economista",
    "section": "Edición completa",
    "author": [
      ""
    ],
    "authors": [
      {
        "name": ""
      },
      {
        "name": ""
      }
    ],
    "fullContent": "NO TEXT FOUND"
  },
  {
    "link": "https://www.eleconomista.com.mx/arteseideas/autenticos-decadentes-arman-carnaval-cervantino-20241018-730673.html",
    "categories": [
      "arteseideas"
    ],
    "title": "Los Auténticos Decadentes arman un carnaval en el Cervantino",
    "pubDate": "Fri, 18 Oct 2024 21:22:43 -0600",
    "description": "La banda argentina se presentó por primera en el escenario principal de la llamada “Fiesta del espíritu”, con todo el repertorio de rolas que hicieron brincar a los fans que abarrotaron las gradad de la Explanada de la Alhóndiga de Granaditas.",
    "feedType": "ElEconomistaRSS",
    "newsMedia": "El Economista",
    "section": "Edición completa",
    "author": [
      ""
    ],
    "authors": [
      {
        "name": ""
      },
      {
        "name": ""
      }
    ],
    "fullContent": "NO TEXT FOUND"
  },
  {
    "link": "https://www.eleconomista.com.mx/politica/judicial-seguira-paro-809-juzgadores-votaron-continuar-suspension-parcial-labores-20241018-730672.html",
    "categories": [
      "politica"
    ],
    "title": "Poder Judicial seguirá en paro: 809 juzgadores votaron por continuar con suspensión parcial de labores",
    "pubDate": "Fri, 18 Oct 2024 21:07:57 -0600",
    "description": "“Esta medida de protesta continuará con la atención exclusiva de casos urgentes, en apego a la responsabilidad de garantizar el acceso a la justicia en situaciones de máxima necesidad”, indicó la directiva nacional de la Jufed.",
    "feedType": "ElEconomistaRSS",
    "newsMedia": "El Economista",
    "section": "Edición completa",
    "author": [
      ""
    ],
    "authors": [
      {
        "name": ""
      },
      {
        "name": ""
      }
    ],
    "fullContent": "NO TEXT FOUND"
  },
  {
    "link": "https://www.eleconomista.com.mx/sectorfinanciero/quienes-estrenaron-cuenta-y-consistio-20241018-730671.html",
    "categories": [
      "sectorfinanciero"
    ],
    "title": "¿Quiénes estrenaron estado de cuenta y en qué consistió?",
    "pubDate": "Fri, 18 Oct 2024 20:59:34 -0600",
    "description": "Saber los cambios y las instituciones a los que se aplicarán es importante si se espera tener salud financiera y queremos tener control en los gastos e ingresos que tenemos.",
    "feedType": "ElEconomistaRSS",
    "newsMedia": "El Economista",
    "section": "Edición completa",
    "author": [
      ""
    ],
    "authors": [
      {
        "name": ""
      },
      {
        "name": ""
      }
    ],
    "fullContent": "NO TEXT FOUND"
  },
  {
    "link": "https://www.eleconomista.com.mx/deportes/clasico-regio-monterrey-vs-tigres-hora-y-ver-partidos-jornada-12-liga-mx-20241018-730668.html",
    "categories": [
      "deportes"
    ],
    "title": "Clásico Regio Monterrey vs. Tigres: Hora y dónde ver los partidos de la Jornada 12 de la Liga MX",
    "pubDate": "Fri, 18 Oct 2024 20:39:11 -0600",
    "description": "Encaminados rumbo a la fase final del torneo Apertura 2024, Monterrey y Tigres disputarán el fin de semana en la duodécima fecha el clásico del norte, que tendrá el reencuentro del argentino Lucas Ocampos con el francés André-Pierre Gignac.",
    "feedType": "ElEconomistaRSS",
    "newsMedia": "El Economista",
    "section": "Edición completa",
    "author": [
      ""
    ],
    "authors": [
      {
        "name": ""
      },
      {
        "name": ""
      }
    ],
    "fullContent": "NO TEXT FOUND"
  },
  {
    "link": "https://www.eleconomista.com.mx/internacionales/cuba-sufre-gigantesco-apagon-caida-principal-central-termoelectrica-20241018-730666.html",
    "categories": [
      "internacionales"
    ],
    "title": "Cuba sufre gigantesco apagón por caída de su principal central termoeléctrica",
    "pubDate": "Fri, 18 Oct 2024 20:26:35 -0600",
    "description": "Las calles de La Habana lucían prácticamente vacías y sin transporte público, sólo se puede ver el alumbrado de algunos hoteles y hospitales que cuentan con plantas de electricidad propias.",
    "feedType": "ElEconomistaRSS",
    "newsMedia": "El Economista",
    "section": "Edición completa",
    "author": [
      ""
    ],
    "authors": [
      {
        "name": ""
      },
      {
        "name": ""
      }
    ],
    "fullContent": "NO TEXT FOUND"
  },
  {
    "link": "https://www.eleconomista.com.mx/arteseideas/marcha-zombie-y-desfile-alebrijes-hora-ruta-y-alternativas-viales-19-octubre-cdmx-20241018-730664.html",
    "categories": [
      "arteseideas"
    ],
    "title": "Marcha Zombie y desfile de alebrijes: hora, ruta y alternativas viales para este 19 de octubre en CDMX",
    "pubDate": "Fri, 18 Oct 2024 20:01:34 -0600",
    "description": "Este sábado 19 de octubre, la Ciudad de México se transforma en un escenario de terror y tradición con la Marcha Zombie y el desfile de Alebrijes Monumentales.",
    "feedType": "ElEconomistaRSS",
    "newsMedia": "El Economista",
    "section": "Edición completa",
    "author": [
      ""
    ],
    "authors": [
      {
        "name": ""
      },
      {
        "name": ""
      }
    ],
    "fullContent": "NO TEXT FOUND"
  },
  {
    "link": "https://www.eleconomista.com.mx/internacionales/produccion-cocaina-colombia-alcanza-record-historico-aumento-53-20241018-730663.html",
    "categories": [
      "internacionales"
    ],
    "title": "Producción de cocaína en Colombia alcanza récord histórico con aumento de 53% en 2023",
    "pubDate": "Fri, 18 Oct 2024 19:50:20 -0600",
    "description": "Colombia vive un conflicto armado que durante más de medio siglo ha dejado 9 millones de víctimas, la mayoría desplazados y asesinados.",
    "feedType": "ElEconomistaRSS",
    "newsMedia": "El Economista",
    "section": "Edición completa",
    "author": [
      ""
    ],
    "authors": [
      {
        "name": ""
      },
      {
        "name": ""
      }
    ],
    "fullContent": "NO TEXT FOUND"
  },
  {
    "link": "https://www.eleconomista.com.mx/videos/ataque-instalaciones-periodico-debate-culiacan-20241018-730661.html",
    "categories": [
      "videos"
    ],
    "title": "¿Qué se sabe del ataque a las instalaciones del periódico El Debate en Culiacán?",
    "pubDate": "Fri, 18 Oct 2024 19:21:28 -0600",
    "description": "Según la Secretaría de Seguridad de Sinaloa, desconocidos abrieron fuego contra las instalaciones del diario la noche del jueves.",
    "feedType": "ElEconomistaRSS",
    "newsMedia": "El Economista",
    "section": "Edición completa",
    "author": [
      ""
    ],
    "authors": [
      {
        "name": ""
      },
      {
        "name": ""
      }
    ],
    "fullContent": "NO TEXT FOUND"
  },
  {
    "link": "https://www.eleconomista.com.mx/arteseideas/cancer-mama-hombres-les-afecta-sintomas-y-como-detectarlo-20241018-730658.html",
    "categories": [
      "arteseideas"
    ],
    "title": "Cáncer de mama en hombres: a ellos también les afecta, síntomas y cómo detectarlo",
    "pubDate": "Fri, 18 Oct 2024 19:08:58 -0600",
    "description": "Aunque es una enfermedad predominante en mujeres (99%), según la Organización Mundial de la Salud (OMS), un 1% de los casos se reportan en el sexo masculino.",
    "feedType": "ElEconomistaRSS",
    "newsMedia": "El Economista",
    "section": "Edición completa",
    "author": [
      ""
    ],
    "authors": [
      {
        "name": ""
      },
      {
        "name": ""
      }
    ],
    "fullContent": "NO TEXT FOUND"
  },
  {
    "link": "https://www.eleconomista.com.mx/empresas/pemex-frena-gasto-ahorrar-1-000-millones-dolares-ultimo-trimestre-20241018-730659.html",
    "categories": [
      "empresas"
    ],
    "title": "Pemex frena gasto para ahorrar más de 1,000 millones de dólares en el último trimestre de 2024",
    "pubDate": "Fri, 18 Oct 2024 18:48:20 -0600",
    "description": "Un documento interno de la petrolera visto por Reuters, señala que se dará prioridad a trabajos en pozos en función de su \"generación de valor\" y la reprogramación de actividades relacionadas con taponamiento de los mismos.",
    "feedType": "ElEconomistaRSS",
    "newsMedia": "El Economista",
    "section": "Edición completa",
    "author": [
      ""
    ],
    "authors": [
      {
        "name": ""
      },
      {
        "name": ""
      }
    ],
    "fullContent": "NO TEXT FOUND"
  },
  {
    "link": "https://www.eleconomista.com.mx/arteseideas/camino-mictlan-fest-2024-esta-listo-recibirnos-20241018-730654.html",
    "categories": [
      "arteseideas"
    ],
    "title": "Camino al Mictlán Fest 2024 está listo para recibirnos",
    "pubDate": "Fri, 18 Oct 2024 18:30:04 -0600",
    "description": "Intentar descubrir qué pasa después de la vida con la muerte es algo que ha estado presente en todas las culturas y lo han intentado descifrar. Este festival es el arranque de días muy especiales para los mexicanos, “es regocijo, pero también hay que cimbrarnos en quienes somos y por qué festejamos lo que festejamos, además de qué aportación podemos dar después de vivir esta propuesta”, dice Yolanda Ramírez, organizadora del evento que se celebra del 18 al 20 de octubre en el Palacio de la Autonomía de la UNAM.",
    "feedType": "ElEconomistaRSS",
    "newsMedia": "El Economista",
    "section": "Edición completa",
    "author": [
      ""
    ],
    "authors": [
      {
        "name": ""
      },
      {
        "name": ""
      }
    ],
    "fullContent": "NO TEXT FOUND"
  },
  {
    "link": "https://www.eleconomista.com.mx/arteseideas/acabo-tabu-menopausia-enfermedad-debe-proceso-feliz-20241018-730657.html",
    "categories": [
      "arteseideas"
    ],
    "title": "Se acabó el tabú ¡La menopausia no es una enfermedad! Debe ser un proceso feliz",
    "pubDate": "Fri, 18 Oct 2024 18:19:49 -0600",
    "description": "De acuerdo con un primer estudio sobre la menopausia en México, nueve de cada 10 mujeres mexicanas tienen síntomas de menopausia. Al mismo tiempo, 29% saben poco o nada sobre este tema. Esta falta de conocimiento es preocupante, especialmente considerando que muchas mujeres sólo buscan ayuda médica cuando los síntomas son severos.",
    "feedType": "ElEconomistaRSS",
    "newsMedia": "El Economista",
    "section": "Edición completa",
    "author": [
      ""
    ],
    "authors": [
      {
        "name": ""
      },
      {
        "name": ""
      }
    ],
    "fullContent": "NO TEXT FOUND"
  },
  {
    "link": "https://www.eleconomista.com.mx/opinion/tres-lecturas-nobel-obra-imprescindible-estacion-finlandia-20241018-730653.html",
    "categories": [
      "opinion"
    ],
    "title": "Tres lecturas de un Nobel para una obra imprescindible \"La Estación de Finlandia\"",
    "pubDate": "Fri, 18 Oct 2024 18:11:24 -0600",
    "description": "",
    "feedType": "ElEconomistaRSS",
    "newsMedia": "El Economista",
    "section": "Edición completa",
    "author": [
      ""
    ],
    "authors": [
      {
        "name": ""
      },
      {
        "name": ""
      }
    ],
    "fullContent": "NO TEXT FOUND"
  },
  {
    "link": "https://www.eleconomista.com.mx/empresas/caades-busca-apoyo-federal-productores-sinaloa-caida-precios-internacionales-20241018-730652.html",
    "categories": [
      "empresas"
    ],
    "title": "Caades busca apoyo federal para productores de Sinaloa ante caída de precios internacionales",
    "pubDate": "Fri, 18 Oct 2024 18:08:17 -0600",
    "description": "Marte Nicolás Vega Román, presidente de la Confederación de Asociaciones Agrícolas del Estado de Sinaloa, comentó que en los casos en donde los precios son muy bajos, el Gobierno tiene que salir a compensar a los productores que se han visto impactados.",
    "feedType": "ElEconomistaRSS",
    "newsMedia": "El Economista",
    "section": "Edición completa",
    "author": [
      ""
    ],
    "authors": [
      {
        "name": ""
      },
      {
        "name": ""
      }
    ],
    "fullContent": "NO TEXT FOUND"
  },
  {
    "link": "https://www.eleconomista.com.mx/videos/fmi-desbloqueo-1-100-millones-dolares-adicionales-ucrania-20241018-730650.html",
    "categories": [
      "videos"
    ],
    "title": "El FMI desbloqueó 1,100 millones de dólares adicionales para Ucrania",
    "pubDate": "Fri, 18 Oct 2024 17:58:40 -0600",
    "description": "Este acuerdo, firmado a mediados de septiembre, eleva a 8,700 millones de dólares los fondos ya desembolsados a Ucrania de los 15,600 millones previstos en el programa.",
    "feedType": "ElEconomistaRSS",
    "newsMedia": "El Economista",
    "section": "Edición completa",
    "author": [
      ""
    ],
    "authors": [
      {
        "name": ""
      },
      {
        "name": ""
      }
    ],
    "fullContent": "NO TEXT FOUND"
  },
  {
    "link": "https://www.eleconomista.com.mx/videos/hamas-advierte-liberaran-rehenes-guerra-gaza-20241018-730649.html",
    "categories": [
      "videos"
    ],
    "title": "Hamás advierte que que no liberarán a los rehenes hasta el fin de la guerra en Gaza",
    "pubDate": "Fri, 18 Oct 2024 17:55:01 -0600",
    "description": "Hamás advirtió este viernes que no liberará a los rehenes en su poder hasta que Israel ponga fin a la guerra en Gaza, pese al asesinato de su líder, Yahya Sinwar, que supuso un duro golpe contra el movimiento islamista",
    "feedType": "ElEconomistaRSS",
    "newsMedia": "El Economista",
    "section": "Edición completa",
    "author": [
      ""
    ],
    "authors": [
      {
        "name": ""
      },
      {
        "name": ""
      }
    ],
    "fullContent": "NO TEXT FOUND"
  },
  {
    "link": "https://www.eleconomista.com.mx/economia/mantienen-estimulo-fiscal-gasolina-y-magna-sigue-24-pesos-litro-20241018-730648.html",
    "categories": [
      "economia"
    ],
    "title": "Mantienen estímulo fiscal a la gasolina y Magna sigue en 24 pesos por litro",
    "pubDate": "Fri, 18 Oct 2024 17:54:21 -0600",
    "description": "La Secretaría de Hacienda y Crédito Público dejó nuevamente sin estímulo fiscal a la gasolina Premium y al diésel.",
    "feedType": "ElEconomistaRSS",
    "newsMedia": "El Economista",
    "section": "Edición completa",
    "author": [
      ""
    ],
    "authors": [
      {
        "name": ""
      },
      {
        "name": ""
      }
    ],
    "fullContent": "NO TEXT FOUND"
  },
  {
    "link": "https://www.eleconomista.com.mx/politica/ataque-instalaciones-periodico-debate-culiacan-20241018-730647.html",
    "categories": [
      "politica"
    ],
    "title": "¿Qué se sabe del ataque a las instalaciones del periódico El Debate en Culiacán?",
    "pubDate": "Fri, 18 Oct 2024 17:43:25 -0600",
    "description": "Según la Secretaría de Seguridad de Sinaloa, desconocidos abrieron fuego contra las instalaciones del diario la noche del jueves.",
    "feedType": "ElEconomistaRSS",
    "newsMedia": "El Economista",
    "section": "Edición completa",
    "author": [
      ""
    ],
    "authors": [
      {
        "name": ""
      },
      {
        "name": ""
      }
    ],
    "fullContent": "NO TEXT FOUND"
  },
  {
    "link": "https://www.eleconomista.com.mx/politica/bedolla-arranca-michoacan-audiencias-publicas-regiones-20241018-730646.html",
    "categories": [
      "politica"
    ],
    "title": "Bedolla arranca en Michoacán audiencias públicas en las regiones",
    "pubDate": "Fri, 18 Oct 2024 17:33:36 -0600",
    "description": "",
    "feedType": "ElEconomistaRSS",
    "newsMedia": "El Economista",
    "section": "Edición completa",
    "author": [
      ""
    ],
    "authors": [
      {
        "name": ""
      },
      {
        "name": ""
      }
    ],
    "fullContent": "NO TEXT FOUND"
  },
  {
    "link": "https://www.eleconomista.com.mx/arteseideas/cancer-mama-mastografia-y-lugares-te-puedes-estudio-gratis-20241018-730639.html",
    "categories": [
      "arteseideas"
    ],
    "title": "Cáncer de Mama: Qué es una mastografía y lugares donde te puedes hacer el estudio gratis",
    "pubDate": "Fri, 18 Oct 2024 17:31:42 -0600",
    "description": "A nivel mundial, el mes de octubre se considera como el mes rosa porque es dedicado a crear conciencia y sensibilización sobre el Cáncer de Mama, tipo de cáncer más común y principal causa de mortalidad en mujeres de todo el mundo.",
    "feedType": "ElEconomistaRSS",
    "newsMedia": "El Economista",
    "section": "Edición completa",
    "author": [
      ""
    ],
    "authors": [
      {
        "name": ""
      },
      {
        "name": ""
      }
    ],
    "fullContent": "NO TEXT FOUND"
  },
  {
    "link": "https://www.eleconomista.com.mx/videos/onu-dictamina-paises-obligados-reconocer-ocupacion-israeli-20241018-730645.html",
    "categories": [
      "videos"
    ],
    "title": "ONU dictamina que los países están \"obligados\" a no reconocer la \"ocupación\" israelí",
    "pubDate": "Fri, 18 Oct 2024 17:15:59 -0600",
    "description": "La Corte Internacional de Justicia (CIJ) ya declaró en julio la ilegalidad de la ocupación, un \"histórico\" hito que Pillay ha celebrado este viernes por tratarse del principal tribunal de la ONU.",
    "feedType": "ElEconomistaRSS",
    "newsMedia": "El Economista",
    "section": "Edición completa",
    "author": [
      ""
    ],
    "authors": [
      {
        "name": ""
      },
      {
        "name": ""
      }
    ],
    "fullContent": "NO TEXT FOUND"
  },
  {
    "link": "https://www.eleconomista.com.mx/videos/mexico-solicitara-eu-extradicion-genaro-garcia-luna-y-linda-cristina-pereyra-uif-20241018-730644.html",
    "categories": [
      "videos"
    ],
    "title": "México solicitará a EU la extradición de Genaro García Luna y Linda Cristina Pereyra: UIF",
    "pubDate": "Fri, 18 Oct 2024 17:12:14 -0600",
    "description": "El Gobierno de México anunció este viernes que solicitará a Estados Unidos la extradición del exsecretario de Seguridad Pública, Genaro García Luna, condenado esta semana a 38 años de cárcel por delitos de narcotráfico y crimen organizado, y también la de su esposa, Linda Cristina Pereyra.",
    "feedType": "ElEconomistaRSS",
    "newsMedia": "El Economista",
    "section": "Edición completa",
    "author": [
      ""
    ],
    "authors": [
      {
        "name": ""
      },
      {
        "name": ""
      }
    ],
    "fullContent": "NO TEXT FOUND"
  },
  {
    "link": "https://www.eleconomista.com.mx/empresas/citrus-patrimonial-anuncia-inversion-450-millones-pesos-impulsar-sector-agroindustrial-yucatan-20241018-730643.html",
    "categories": [
      "empresas"
    ],
    "title": "Citrus Patrimonial anuncia inversión por 450 millones de pesos para impulsar sector agroindustrial en Yucatán",
    "pubDate": "Fri, 18 Oct 2024 17:09:04 -0600",
    "description": "Yucatán está redescubriendo sus raíces agroindustriales.",
    "feedType": "ElEconomistaRSS",
    "newsMedia": "El Economista",
    "section": "Edición completa",
    "author": [
      ""
    ],
    "authors": [
      {
        "name": ""
      },
      {
        "name": ""
      }
    ],
    "fullContent": "NO TEXT FOUND"
  },
  {
    "link": "https://www.eleconomista.com.mx/empresas/cfe-notifica-ift-concentracion-activos-y-fideicomiso-deuda-altan-redes-20241018-730641.html",
    "categories": [
      "empresas"
    ],
    "title": "CFE notifica a IFT concentración de activos y fideicomiso por deuda de Altán Redes",
    "pubDate": "Fri, 18 Oct 2024 16:57:49 -0600",
    "description": "El acto significa que el gobierno federal, a través de la CFE, crecerá su participación en el accionariado de Altán Redes, una empresa de telecomunicaciones de servicios mayoristas a nivel nacional en México.",
    "feedType": "ElEconomistaRSS",
    "newsMedia": "El Economista",
    "section": "Edición completa",
    "author": [
      ""
    ],
    "authors": [
      {
        "name": ""
      },
      {
        "name": ""
      }
    ],
    "fullContent": "NO TEXT FOUND"
  },
  {
    "link": "https://www.eleconomista.com.mx/econohabitat/octavio-romero-defiende-infonavit-constructora-frente-criticas-empresariales-y-laborales-20241018-730640.html",
    "categories": [
      "econohabitat"
    ],
    "title": "Octavio Romero defiende al Infonavit como constructora frente a críticas empresariales y laborales",
    "pubDate": "Fri, 18 Oct 2024 16:56:48 -0600",
    "description": "Luego de escuchar las inconformidades por parte de los sectores del Instituto, el funcionario afirmó que se encuentra dispuesto a abrir el diálogo para llegar a acuerdos",
    "feedType": "ElEconomistaRSS",
    "newsMedia": "El Economista",
    "section": "Edición completa",
    "author": [
      ""
    ],
    "authors": [
      {
        "name": ""
      },
      {
        "name": ""
      }
    ],
    "fullContent": "NO TEXT FOUND"
  },
  {
    "link": "https://www.eleconomista.com.mx/videos/peso-mexicano-pierde-3-semana-efecto-trump-20241018-730638.html",
    "categories": [
      "videos"
    ],
    "title": "Peso mexicano pierde 3% en la semana por efecto Trump",
    "pubDate": "Fri, 18 Oct 2024 16:48:19 -0600",
    "description": "La divisa local fue presionada por temores ante la posibilidad de que Donald Trump vuelva a ser presidente de Estados Unidos.",
    "feedType": "ElEconomistaRSS",
    "newsMedia": "El Economista",
    "section": "Edición completa",
    "author": [
      ""
    ],
    "authors": [
      {
        "name": ""
      },
      {
        "name": ""
      }
    ],
    "fullContent": "NO TEXT FOUND"
  },
  {
    "link": "https://www.eleconomista.com.mx/politica/consolida-profesionalizacion-policia-estatal-sinaloa-20241018-730637.html",
    "categories": [
      "politica"
    ],
    "title": "Se consolida la profesionalización de la policía estatal de Sinaloa",
    "pubDate": "Fri, 18 Oct 2024 16:35:37 -0600",
    "description": "",
    "feedType": "ElEconomistaRSS",
    "newsMedia": "El Economista",
    "section": "Edición completa",
    "author": [
      ""
    ],
    "authors": [
      {
        "name": ""
      },
      {
        "name": ""
      }
    ],
    "fullContent": "NO TEXT FOUND"
  },
  {
    "link": "https://www.eleconomista.com.mx/podcasts/descubre-secretos-discipulos-escoffier-70-anos-gastronomia-y-tradicion-20241018-730636.html",
    "categories": [
      "podcasts"
    ],
    "title": "Descubre los secretos de los Discípulos Escoffier: 70 Años de Gastronomía y Tradición",
    "pubDate": "Fri, 18 Oct 2024 16:32:44 -0600",
    "description": "¡Bienvenidos al episodio número 49 de Bistronomie y Turismo, un podcast de El Economista, soy Paty Ortega y hoy les traemos una experiencia culinaria única, profundamente arraigada en la historia y el legado de uno de los más grandes maestros de la cocina: Auguste Escoffier.",
    "feedType": "ElEconomistaRSS",
    "newsMedia": "El Economista",
    "section": "Edición completa",
    "author": [
      ""
    ],
    "authors": [
      {
        "name": ""
      },
      {
        "name": ""
      }
    ],
    "fullContent": "NO TEXT FOUND"
  },
  {
    "link": "https://www.eleconomista.com.mx/mercados/bitcoin-alcanza-precio-alto-finales-julio-20241018-730635.html",
    "categories": [
      "mercados"
    ],
    "title": "Bitcoin alcanza su precio más alto desde finales de julio",
    "pubDate": "Fri, 18 Oct 2024 16:24:41 -0600",
    "description": "La criptomoneda se benefició de una nota positiva de JPMorgan, que apuesta por una apreciación en 2025 de las monedas digitales.",
    "feedType": "ElEconomistaRSS",
    "newsMedia": "El Economista",
    "section": "Edición completa",
    "author": [
      ""
    ],
    "authors": [
      {
        "name": ""
      },
      {
        "name": ""
      }
    ],
    "fullContent": "NO TEXT FOUND"
  },
  {
    "link": "https://www.eleconomista.com.mx/internacionales/elecciones-eu-georgia-y-carolina-norte-registran-alta-participacion-voto-anticipado-20241018-730634.html",
    "categories": [
      "internacionales"
    ],
    "title": "Elecciones EU: Georgia y Carolina del Norte registran alta participación en el voto anticipado",
    "pubDate": "Fri, 18 Oct 2024 15:55:00 -0600",
    "description": "Estos dos estados son considerados como de excepcional importancia de cara a los comicios ya que, de momento, no se decantan a favor de ninguno de los dos candidatos a la Casa Blanca.",
    "feedType": "ElEconomistaRSS",
    "newsMedia": "El Economista",
    "section": "Edición completa",
    "author": [
      ""
    ],
    "authors": [
      {
        "name": ""
      },
      {
        "name": ""
      }
    ],
    "fullContent": "NO TEXT FOUND"
  },
  {
    "link": "https://www.eleconomista.com.mx/empresas/ctm-llama-ponerse-acuerdo-recuperar-100-000-contratos-perdidos-reforma-laboral-20241018-730633.html",
    "categories": [
      "empresas"
    ],
    "title": "CTM llama a “ponerse de acuerdo” para recuperar los 100,000 contratos perdidos con la reforma laboral",
    "pubDate": "Fri, 18 Oct 2024 15:54:02 -0600",
    "description": "Ángel Pazos, coordinador de la Fundación Friedrich Ebert y Medira Ramírez de la CTM analizaron los “Desafíos y oportunidades para la transformación sindical” y ahí llamaron a ampliar la sindicalización del país que hoy llega a 5 millones de trabajadores.",
    "feedType": "ElEconomistaRSS",
    "newsMedia": "El Economista",
    "section": "Edición completa",
    "author": [
      ""
    ],
    "authors": [
      {
        "name": ""
      },
      {
        "name": ""
      }
    ],
    "fullContent": "NO TEXT FOUND"
  },
  {
    "link": "https://www.eleconomista.com.mx/mercados/wall-street-avanza-s-p-500-y-nasdaq-alcanzan-nuevos-maximos-historicos-20241018-730632.html",
    "categories": [
      "mercados"
    ],
    "title": "Wall Street avanza; S&P 500 y Nasdaq alcanzan nuevos máximos históricos",
    "pubDate": "Fri, 18 Oct 2024 15:53:15 -0600",
    "description": "El sector tecnológico fue animado por el positivo reporte trimestral que presentó ayer Netflix y que hoy ocasionó un saltó de más de 11% en sus acciones.",
    "feedType": "ElEconomistaRSS",
    "newsMedia": "El Economista",
    "section": "Edición completa",
    "author": [
      ""
    ],
    "authors": [
      {
        "name": ""
      },
      {
        "name": ""
      }
    ],
    "fullContent": "NO TEXT FOUND"
  },
  {
    "link": "https://www.eleconomista.com.mx/internacionales/fmi-desbloqueo-1-100-millones-dolares-adicionales-ucrania-20241018-730631.html",
    "categories": [
      "internacionales"
    ],
    "title": "El FMI desbloqueó 1,100 millones de dólares adicionales para Ucrania",
    "pubDate": "Fri, 18 Oct 2024 15:49:46 -0600",
    "description": "Este acuerdo, firmado a mediados de septiembre, eleva a 8,700 millones de dólares los fondos ya desembolsados a Ucrania de los 15,600 millones previstos en el programa.",
    "feedType": "ElEconomistaRSS",
    "newsMedia": "El Economista",
    "section": "Edición completa",
    "author": [
      ""
    ],
    "authors": [
      {
        "name": ""
      },
      {
        "name": ""
      }
    ],
    "fullContent": "NO TEXT FOUND"
  },
  {
    "link": "https://www.eleconomista.com.mx/econohabitat/asamblea-infonavit-consenso-construir-viviendas-desacuerdo-constructora-publica-20241018-730630.html",
    "categories": [
      "econohabitat"
    ],
    "title": "Asamblea del Infonavit: consenso en construir viviendas, desacuerdo en usar constructora pública",
    "pubDate": "Fri, 18 Oct 2024 15:49:17 -0600",
    "description": "Los sectores patronal y laboral pidieron atención en los indicadores financieros del organismo, como la cartera vencida del mismo",
    "feedType": "ElEconomistaRSS",
    "newsMedia": "El Economista",
    "section": "Edición completa",
    "author": [
      ""
    ],
    "authors": [
      {
        "name": ""
      },
      {
        "name": ""
      }
    ],
    "fullContent": "NO TEXT FOUND"
  },
  {
    "link": "https://www.eleconomista.com.mx/empresas/shcp-y-agroindustriales-reunen-revisar-pacic-cna-pide-consenso-20241018-730629.html",
    "categories": [
      "empresas"
    ],
    "title": "SHCP y agroindustriales se reúnen para revisar Pacic; CNA pide consenso",
    "pubDate": "Fri, 18 Oct 2024 15:33:15 -0600",
    "description": "Luis Fernando Haro, director del Consejo Nacional Agropecuario, dijo que bajo la nueva administración de la presidenta Claudia Sheinbaum se dará continuidad al Paquete contra la Inflación y la Carestía y buscarán ampliarlo para incluir nuevos productos o alimentos.",
    "feedType": "ElEconomistaRSS",
    "newsMedia": "El Economista",
    "section": "Edición completa",
    "author": [
      ""
    ],
    "authors": [
      {
        "name": ""
      },
      {
        "name": ""
      }
    ],
    "fullContent": "NO TEXT FOUND"
  },
  {
    "link": "https://www.eleconomista.com.mx/mercados/bmv-registra-avance-1-21-primera-semana-reportes-trimestrales-20241018-730628.html",
    "categories": [
      "mercados"
    ],
    "title": "BMV registra avance de 1.21% en primera semana de reportes trimestrales",
    "pubDate": "Fri, 18 Oct 2024 15:28:27 -0600",
    "description": "Tras una semana de movimientos moderados, los índices subieron decididamente para marcar el tono positivo de esta primera semana de reportes del 3T24.",
    "feedType": "ElEconomistaRSS",
    "newsMedia": "El Economista",
    "section": "Edición completa",
    "author": [
      ""
    ],
    "authors": [
      {
        "name": ""
      },
      {
        "name": ""
      }
    ],
    "fullContent": "NO TEXT FOUND"
  },
  {
    "link": "https://www.eleconomista.com.mx/internacionales/hamas-advierte-liberaran-rehenes-guerra-gaza-20241018-730627.html",
    "categories": [
      "internacionales"
    ],
    "title": "Hamás advierte que que no liberarán a los rehenes hasta el fin de la guerra en Gaza",
    "pubDate": "Fri, 18 Oct 2024 15:27:56 -0600",
    "description": "Hamás, movimiento islamista palestino que gobierna Gaza desde 2007 y que está muy debilitado tras más de un año de guerra con Israel.",
    "feedType": "ElEconomistaRSS",
    "newsMedia": "El Economista",
    "section": "Edición completa",
    "author": [
      ""
    ],
    "authors": [
      {
        "name": ""
      },
      {
        "name": ""
      }
    ],
    "fullContent": "NO TEXT FOUND"
  },
  {
    "link": "https://www.eleconomista.com.mx/videos/sheinbaum-rechaza-retirar-decreto-reforma-judicial-orden-jueza-20241018-730626.html",
    "categories": [
      "videos"
    ],
    "title": "Sheinbaum rechaza retirar el decreto de la reforma al Poder Judicial, tras orden de jueza",
    "pubDate": "Fri, 18 Oct 2024 15:05:47 -0600",
    "description": "La consejera jurídica de la Presidencia de México, Ernestina Godoy, explicó que la orden de esta juez \"es totalmente improcedente\" ya que no pueden autoatribuirse poderes para someter a revisión una reforma constitucional.",
    "feedType": "ElEconomistaRSS",
    "newsMedia": "El Economista",
    "section": "Edición completa",
    "author": [
      ""
    ],
    "authors": [
      {
        "name": ""
      },
      {
        "name": ""
      }
    ],
    "fullContent": "NO TEXT FOUND"
  },
  {
    "link": "https://www.eleconomista.com.mx/estados/sodimac-inaugura-primera-tienda-jalisco-20241018-730625.html",
    "categories": [
      "estados"
    ],
    "title": "Sodimac inaugura su primera tienda en Jalisco",
    "pubDate": "Fri, 18 Oct 2024 15:00:53 -0600",
    "description": "La cadena de artículos para el hogar y materiales de construcción suma 15 tiendas en ocho estados del país.",
    "feedType": "ElEconomistaRSS",
    "newsMedia": "El Economista",
    "section": "Edición completa",
    "author": [
      ""
    ],
    "authors": [
      {
        "name": ""
      },
      {
        "name": ""
      }
    ],
    "fullContent": "NO TEXT FOUND"
  },
  {
    "link": "https://www.eleconomista.com.mx/videos/maduro-nombra-polemico-empresario-alex-saab-ministro-industria-venezuela-20241018-730624.html",
    "categories": [
      "videos"
    ],
    "title": "Maduro nombra al polémico empresario Alex Saab como ministro de Industria en Venezuela",
    "pubDate": "Fri, 18 Oct 2024 14:59:49 -0600",
    "description": "Alex Saab, ahora ministro de Industria del régimen de Maduro, en su momento, fue acusado de ser el testaferro del Presidente.",
    "feedType": "ElEconomistaRSS",
    "newsMedia": "El Economista",
    "section": "Edición completa",
    "author": [
      ""
    ],
    "authors": [
      {
        "name": ""
      },
      {
        "name": ""
      }
    ],
    "fullContent": "NO TEXT FOUND"
  },
  {
    "link": "https://www.eleconomista.com.mx/internacionales/onu-dictamina-paises-obligados-reconocer-ocupacion-israeli-20241018-730623.html",
    "categories": [
      "internacionales"
    ],
    "title": "ONU dictamina que los países están \"obligados\" a no reconocer la \"ocupación\" israelí",
    "pubDate": "Fri, 18 Oct 2024 14:54:18 -0600",
    "description": "La Corte Internacional de Justicia (CIJ) ya declaró en julio la ilegalidad de la ocupación, un \"histórico\" hito que Pillay ha celebrado este viernes por tratarse del principal tribunal de la ONU.",
    "feedType": "ElEconomistaRSS",
    "newsMedia": "El Economista",
    "section": "Edición completa",
    "author": [
      ""
    ],
    "authors": [
      {
        "name": ""
      },
      {
        "name": ""
      }
    ],
    "fullContent": "NO TEXT FOUND"
  },
  {
    "link": "https://www.eleconomista.com.mx/mercados/precio-dolar-hoy-18-octubre-2024-cotiza-20241018-730622.html",
    "categories": [
      "mercados"
    ],
    "title": "Peso mexicano pierde 3% en la semana por efecto Trump",
    "pubDate": "Fri, 18 Oct 2024 14:53:46 -0600",
    "description": "La divisa local fue presionada por temores ante la posibilidad de que Donald Trump vuelva a ser presidente de Estados Unidos.",
    "feedType": "ElEconomistaRSS",
    "newsMedia": "El Economista",
    "section": "Edición completa",
    "author": [
      ""
    ],
    "authors": [
      {
        "name": ""
      },
      {
        "name": ""
      }
    ],
    "fullContent": "NO TEXT FOUND"
  },
  {
    "link": "https://www.eleconomista.com.mx/politica/mexico-solicitara-eu-extradicion-genaro-garcia-luna-y-linda-cristina-pereyra-uif-20241018-730621.html",
    "categories": [
      "politica"
    ],
    "title": "México solicitará a EU al extradición de Genaro García Luna y Linda Cristina Pereyra: UIF",
    "pubDate": "Fri, 18 Oct 2024 14:31:44 -0600",
    "description": "El titular de la Unidad de Inteligencia Financiera, Pablo Gómez, recordó en conferencia matutina que el exsecretario de Seguridad Pública tiene órdenes de aprehensión vigentes en México.",
    "feedType": "ElEconomistaRSS",
    "newsMedia": "El Economista",
    "section": "Edición completa",
    "author": [
      ""
    ],
    "authors": [
      {
        "name": ""
      },
      {
        "name": ""
      }
    ],
    "fullContent": "NO TEXT FOUND"
  },
  {
    "link": "https://www.eleconomista.com.mx/videos/jueza-ordena-sheinbaum-eliminar-decreto-reforma-judicial-20241018-730620.html",
    "categories": [
      "videos"
    ],
    "title": "Jueza ordena a Sheinbaum eliminar decreto de la reforma al Poder Judicial",
    "pubDate": "Fri, 18 Oct 2024 14:17:44 -0600",
    "description": "Una jueza ha ordenado a la presidenta de México, Claudia Sheinbaum, y al director del Diario Oficial de la Federación (DOF), Alejandro López González, que en un plazo de 24 horas se acredite la eliminación del decreto que valida la reforma al Poder Judicial que plantea la elección de jueces, magistrados y ministros por voto popular.",
    "feedType": "ElEconomistaRSS",
    "newsMedia": "El Economista",
    "section": "Edición completa",
    "author": [
      ""
    ],
    "authors": [
      {
        "name": ""
      },
      {
        "name": ""
      }
    ],
    "fullContent": "NO TEXT FOUND"
  },
  {
    "link": "https://www.eleconomista.com.mx/videos/israel-envia-mas-tropas-norte-gaza-e-intensifica-incursion-20241018-730619.html",
    "categories": [
      "videos"
    ],
    "title": "Israel envía más tropas al norte de Gaza e intensifica su incursión",
    "pubDate": "Fri, 18 Oct 2024 14:07:23 -0600",
    "description": "El Ministerio de Sanidad de Gaza dijo que los ataques militares israelíes habían causado la muerte de al menos 30 palestinos el viernes, muchos de ellos en el norte de Gaza.",
    "feedType": "ElEconomistaRSS",
    "newsMedia": "El Economista",
    "section": "Edición completa",
    "author": [
      ""
    ],
    "authors": [
      {
        "name": ""
      },
      {
        "name": ""
      }
    ],
    "fullContent": "NO TEXT FOUND"
  },
  {
    "link": "https://www.eleconomista.com.mx/mercados/precios-petroleo-registran-caida-semanal-7-dudas-sobre-demanda-china-20241018-730618.html",
    "categories": [
      "mercados"
    ],
    "title": "Precios del petróleo registran caída semanal de más de 7% por dudas sobre la demanda en China",
    "pubDate": "Fri, 18 Oct 2024 13:43:31 -0600",
    "description": "Son los mayores descensos semanales desde el 2 de septiembre, cuando la OPEP y la Agencia Internacional de la Energía recortaron sus previsiones de demanda mundial de petróleo para 2024 y 2025.",
    "feedType": "ElEconomistaRSS",
    "newsMedia": "El Economista",
    "section": "Edición completa",
    "author": [
      ""
    ],
    "authors": [
      {
        "name": ""
      },
      {
        "name": ""
      }
    ],
    "fullContent": "NO TEXT FOUND"
  },
  {
    "link": "https://www.eleconomista.com.mx/estados/buen-motor-crecimiento-economico-canaco-20241018-730617.html",
    "categories": [
      "estados"
    ],
    "title": "El Buen Fin es motor de crecimiento económico: CANACO",
    "pubDate": "Fri, 18 Oct 2024 13:42:39 -0600",
    "description": "El comercio organizado prevé superar los 6,000 millones de pesos en ventas del 15 al 18 de noviembre.",
    "feedType": "ElEconomistaRSS",
    "newsMedia": "El Economista",
    "section": "Edición completa",
    "author": [
      ""
    ],
    "authors": [
      {
        "name": ""
      },
      {
        "name": ""
      }
    ],
    "fullContent": "NO TEXT FOUND"
  },
  {
    "link": "https://www.eleconomista.com.mx/finanzaspersonales/mejores-juegos-y-estrategias-ayudar-ninos-educacion-financiera-20241018-730616.html",
    "categories": [
      "finanzaspersonales"
    ],
    "title": "Los mejores juegos y estrategias para ayudar a los niños con la educación financiera",
    "pubDate": "Fri, 18 Oct 2024 13:28:27 -0600",
    "description": "",
    "feedType": "ElEconomistaRSS",
    "newsMedia": "El Economista",
    "section": "Edición completa",
    "author": [
      ""
    ],
    "authors": [
      {
        "name": ""
      },
      {
        "name": ""
      }
    ],
    "fullContent": "NO TEXT FOUND"
  },
  {
    "link": "https://www.eleconomista.com.mx/videos/mayo-zambada-elegible-pena-muerte-eu-20241018-730615.html",
    "categories": [
      "videos"
    ],
    "title": "El \"Mayo\" Zambada es elegible para pena de muerte en EU",
    "pubDate": "Fri, 18 Oct 2024 13:15:26 -0600",
    "description": "El narco mexicano fue detenido el 25 de julio en Nuevo México al aterrizar en un pequeño avión en compañía de Joaquín Guzmán López, hijo de el \"Chapo\".",
    "feedType": "ElEconomistaRSS",
    "newsMedia": "El Economista",
    "section": "Edición completa",
    "author": [
      ""
    ],
    "authors": [
      {
        "name": ""
      },
      {
        "name": ""
      }
    ],
    "fullContent": "NO TEXT FOUND"
  },
  {
    "link": "https://www.eleconomista.com.mx/videos/joe-biden-urge-berlin-mantener-apoyo-ucrania-logre-paz-justa-20241018-730614.html",
    "categories": [
      "videos"
    ],
    "title": "Joe Biden urge en Berlín a mantener apoyo a Ucrania hasta que se logre una \"paz justa\"",
    "pubDate": "Fri, 18 Oct 2024 13:09:01 -0600",
    "description": "El presidente de Estados Unidos, Joe Biden, instó este viernes en Berlín a seguir apoyando a Ucrania hasta que se logre \"una paz justa y duradera\", tras más de dos años de conflicto con Rusia.",
    "feedType": "ElEconomistaRSS",
    "newsMedia": "El Economista",
    "section": "Edición completa",
    "author": [
      ""
    ],
    "authors": [
      {
        "name": ""
      },
      {
        "name": ""
      }
    ],
    "fullContent": "NO TEXT FOUND"
  },
  {
    "link": "https://www.eleconomista.com.mx/internacionales/maduro-nombra-polemico-empresario-alex-saab-ministro-industria-venezuela-20241018-730613.html",
    "categories": [
      "internacionales"
    ],
    "title": "Maduro nombra al polémico empresario Alex Saab como ministro de Industria en Venezuela",
    "pubDate": "Fri, 18 Oct 2024 13:04:34 -0600",
    "description": "Alex Saab, ahora ministro de Industria del régimen de Maduro, en su momento, fue acusado de ser el testaferro del Presidente.",
    "feedType": "ElEconomistaRSS",
    "newsMedia": "El Economista",
    "section": "Edición completa",
    "author": [
      ""
    ],
    "authors": [
      {
        "name": ""
      },
      {
        "name": ""
      }
    ],
    "fullContent": "NO TEXT FOUND"
  },
  {
    "link": "https://www.eleconomista.com.mx/videos/carlos-iii-llega-australia-primer-gran-viaje-cancer-20241018-730611.html",
    "categories": [
      "videos"
    ],
    "title": "Carlos III llega a Australia en su primer gran viaje tras su cáncer",
    "pubDate": "Fri, 18 Oct 2024 12:39:19 -0600",
    "description": "El rey Carlos III aterrizó el viernes en Australia, en el inicio de la gira del primer viaje largo del monarca británico desde que le diagnosticaron el cáncer hace ocho meses.",
    "feedType": "ElEconomistaRSS",
    "newsMedia": "El Economista",
    "section": "Edición completa",
    "author": [
      ""
    ],
    "authors": [
      {
        "name": ""
      },
      {
        "name": ""
      }
    ],
    "fullContent": "NO TEXT FOUND"
  },
  {
    "link": "https://www.eleconomista.com.mx/politica/sheinbaum-rechaza-retirar-decreto-reforma-judicial-orden-jueza-20241018-730610.html",
    "categories": [
      "politica"
    ],
    "title": "Sheinbaum rechaza retirar el decreto de la reforma al Poder Judicial, tras orden de jueza",
    "pubDate": "Fri, 18 Oct 2024 12:37:38 -0600",
    "description": "La consejera jurídica de la Presidencia de México, Ernestina Godoy, explicó que la orden de esta juez \"es totalmente improcedente\" ya que no pueden autoatribuirse poderes para someter a revisión una reforma constitucional.",
    "feedType": "ElEconomistaRSS",
    "newsMedia": "El Economista",
    "section": "Edición completa",
    "author": [
      ""
    ],
    "authors": [
      {
        "name": ""
      },
      {
        "name": ""
      }
    ],
    "fullContent": "NO TEXT FOUND"
  },
  {
    "link": "https://www.eleconomista.com.mx/videos/fiscalia-cdmx-investiga-ataque-activista-diana-sanchez-barrios-20241018-730609.html",
    "categories": [
      "videos"
    ],
    "title": "Fiscalía de la CDMX investiga ataque contra la activista Diana Sánchez Barrios",
    "pubDate": "Fri, 18 Oct 2024 12:20:49 -0600",
    "description": "El ataque registrado la tarde de este jueves en el Centro Histórico capitalino dejó como resultado a un hombre fallecido y dos personas heridas.",
    "feedType": "ElEconomistaRSS",
    "newsMedia": "El Economista",
    "section": "Edición completa",
    "author": [
      ""
    ],
    "authors": [
      {
        "name": ""
      },
      {
        "name": ""
      }
    ],
    "fullContent": "NO TEXT FOUND"
  },
  {
    "link": "https://www.eleconomista.com.mx/opinion/auge-brics-y-influencia-mercados-financieros-globales-20241018-730608.html",
    "categories": [
      "opinion"
    ],
    "title": "El auge de los BRICS y su influencia en los mercados financieros globales",
    "pubDate": "Fri, 18 Oct 2024 12:19:48 -0600",
    "description": "",
    "feedType": "ElEconomistaRSS",
    "newsMedia": "El Economista",
    "section": "Edición completa",
    "author": [
      ""
    ],
    "authors": [
      {
        "name": ""
      },
      {
        "name": ""
      }
    ],
    "fullContent": "NO TEXT FOUND"
  },
  {
    "link": "https://www.eleconomista.com.mx/tecnologia/meta-lanza-modelo-inteligencia-artificial-capaz-evaluar-trabajo-otros-modelos-ia-20241018-730606.html",
    "categories": [
      "tecnologia"
    ],
    "title": "Meta lanza modelo de inteligencia artificial capaz de evaluar el trabajo de otros modelos de IA",
    "pubDate": "Fri, 18 Oct 2024 12:15:22 -0600",
    "description": "Los investigadores de Meta utilizaron datos generados íntegramente por la inteligencia artificial para entrenar el modelo evaluador, eliminando también la intervención humana en esa fase.",
    "feedType": "ElEconomistaRSS",
    "newsMedia": "El Economista",
    "section": "Edición completa",
    "author": [
      ""
    ],
    "authors": [
      {
        "name": ""
      },
      {
        "name": ""
      }
    ],
    "fullContent": "NO TEXT FOUND"
  },
  {
    "link": "https://www.eleconomista.com.mx/internacionales/gobierno-argentina-llama-recortar-gasto-lugar-pedir-bajada-impuestos-20241018-730607.html",
    "categories": [
      "internacionales"
    ],
    "title": "El Gobierno de Argentina llama a recortar el gasto en lugar de pedir una bajada de impuestos",
    "pubDate": "Fri, 18 Oct 2024 12:14:40 -0600",
    "description": "Javier Milei ha invitado a los diputados a sentarse a debatir la reasignación del presupuesto, ya que subir unas partidas, exigirá tener \"que bajar otras\".",
    "feedType": "ElEconomistaRSS",
    "newsMedia": "El Economista",
    "section": "Edición completa",
    "author": [
      ""
    ],
    "authors": [
      {
        "name": ""
      },
      {
        "name": ""
      }
    ],
    "fullContent": "NO TEXT FOUND"
  },
  {
    "link": "https://www.eleconomista.com.mx/internacionales/israel-envia-tropas-norte-gaza-e-intensifica-incursion-20241018-730605.html",
    "categories": [
      "internacionales"
    ],
    "title": "Israel envía más tropas al norte de Gaza e intensifica su incursión",
    "pubDate": "Fri, 18 Oct 2024 11:58:39 -0600",
    "description": "El Ministerio de Sanidad de Gaza dijo que los ataques militares israelíes habían causado la muerte de al menos 30 palestinos el viernes, muchos de ellos en el norte de Gaza.",
    "feedType": "ElEconomistaRSS",
    "newsMedia": "El Economista",
    "section": "Edición completa",
    "author": [
      ""
    ],
    "authors": [
      {
        "name": ""
      },
      {
        "name": ""
      }
    ],
    "fullContent": "NO TEXT FOUND"
  },
  {
    "link": "https://www.eleconomista.com.mx/videos/cuba-pone-marcha-medidas-emergencia-energetica-intento-frenar-apagones-20241018-730604.html",
    "categories": [
      "videos"
    ],
    "title": "Cuba pone en marcha medidas de emergencia energética en un intento por frenar apagones",
    "pubDate": "Fri, 18 Oct 2024 11:42:37 -0600",
    "description": "Cuba cerró escuelas, industrias no esenciales y envió el viernes a empleados públicos a sus casas como parte de un plan de emergencia energética para controlar los apagones que ahora superan las 12 horas horas diarias para millones de personas en la isla caribeña.",
    "feedType": "ElEconomistaRSS",
    "newsMedia": "El Economista",
    "section": "Edición completa",
    "author": [
      ""
    ],
    "authors": [
      {
        "name": ""
      },
      {
        "name": ""
      }
    ],
    "fullContent": "NO TEXT FOUND"
  },
  {
    "link": "https://www.eleconomista.com.mx/internacionales/joe-biden-urge-berlin-mantener-apoyo-ucrania-logre-paz-justa-20241018-730603.html",
    "categories": [
      "internacionales"
    ],
    "title": "Joe Biden urge en Berlín a mantener apoyo a Ucrania hasta que se logre una \"paz justa\"",
    "pubDate": "Fri, 18 Oct 2024 11:38:48 -0600",
    "description": "Los aliados de la Organización del Tratado del Atlántico Norte (OTAN) deben \"mantener su apoyo\" hasta que Ucrania logre \"una paz justa y duradera\", declaró Biden.",
    "feedType": "ElEconomistaRSS",
    "newsMedia": "El Economista",
    "section": "Edición completa",
    "author": [
      ""
    ],
    "authors": [
      {
        "name": ""
      },
      {
        "name": ""
      }
    ],
    "fullContent": "NO TEXT FOUND"
  },
  {
    "link": "https://www.eleconomista.com.mx/economia/recaudacion-aduanas-cayo-4-6-corte-agosto-20241018-730602.html",
    "categories": [
      "economia"
    ],
    "title": "Recaudación en aduanas cayó 4.6% al corte de agosto 2024",
    "pubDate": "Fri, 18 Oct 2024 11:36:42 -0600",
    "description": "Durante enero-agosto México cobró impuestos al comercio exterior en aduanas equivalentes a 774,151 millones de pesos, lo que implicó una caída interanual de 4.6% en el total recaudado durante este periodo.",
    "feedType": "ElEconomistaRSS",
    "newsMedia": "El Economista",
    "section": "Edición completa",
    "author": [
      ""
    ],
    "authors": [
      {
        "name": ""
      },
      {
        "name": ""
      }
    ],
    "fullContent": "NO TEXT FOUND"
  },
  {
    "link": "https://www.eleconomista.com.mx/internacionales/cuba-sufre-apagon-total-falla-central-electrica-20241018-730601.html",
    "categories": [
      "internacionales"
    ],
    "title": "Cuba sufre apagón total por falla en una central eléctrica",
    "pubDate": "Fri, 18 Oct 2024 11:27:38 -0600",
    "description": "Una falla en la Central Termoeléctrica Antonio Guiteras dejó sin luz a la isla de Cuba este viernes, profundizando su crisis energética.",
    "feedType": "ElEconomistaRSS",
    "newsMedia": "El Economista",
    "section": "Edición completa",
    "author": [
      ""
    ],
    "authors": [
      {
        "name": ""
      },
      {
        "name": ""
      }
    ],
    "fullContent": "NO TEXT FOUND"
  },
  {
    "link": "https://www.eleconomista.com.mx/videos/integrantes-one-direction-devastados-muerte-liam-payne-argentina-20241018-730600.html",
    "categories": [
      "videos"
    ],
    "title": "Integrantes de One Direction \"devastados\" por la muerte de Liam Payne en Argentina",
    "pubDate": "Fri, 18 Oct 2024 11:03:50 -0600",
    "description": "Los integrantes de la banda británica One Direction dijeron el jueves que estaban \"completamente devastados\" por la muerte de su excompañero Liam Payne al caer del tercer piso de su habitación de hotel en Buenos Aires, donde según la fiscalía argentina había \"destrozos\", alcohol y presuntos estupefacientes.",
    "feedType": "ElEconomistaRSS",
    "newsMedia": "El Economista",
    "section": "Edición completa",
    "author": [
      ""
    ],
    "authors": [
      {
        "name": ""
      },
      {
        "name": ""
      }
    ],
    "fullContent": "NO TEXT FOUND"
  },
  {
    "link": "https://www.eleconomista.com.mx/internacionales/kamala-harris-y-donald-trump-buscan-michigan-demograficos-clave-obreros-y-musulmanes-20241018-730599.html",
    "categories": [
      "internacionales"
    ],
    "title": "Kamala Harris y Donald Trump buscan en Michigan a demográficos clave entre obreros y musulmanes",
    "pubDate": "Fri, 18 Oct 2024 11:01:57 -0600",
    "description": "Los candidatos a la presidencia visitarán este viernes el estado de Michigan en busca de atraer a votantes clave entre los obreros y la comunidad musulmana.",
    "feedType": "ElEconomistaRSS",
    "newsMedia": "El Economista",
    "section": "Edición completa",
    "author": [
      ""
    ],
    "authors": [
      {
        "name": ""
      },
      {
        "name": ""
      }
    ],
    "fullContent": "NO TEXT FOUND"
  },
  {
    "link": "https://www.eleconomista.com.mx/politica/narco-mexicano-mayo-zambada-elegible-pena-muerte-20241018-730598.html",
    "categories": [
      "politica"
    ],
    "title": "El \"Mayo\" Zambada es elegible para pena de muerte en EU",
    "pubDate": "Fri, 18 Oct 2024 11:01:05 -0600",
    "description": "El narco mexicano fue detenido el 25 de julio en Nuevo México al aterrizar en un pequeño avión en compañía de Joaquín Guzmán López, hijo de el \"Chapo\".",
    "feedType": "ElEconomistaRSS",
    "newsMedia": "El Economista",
    "section": "Edición completa",
    "author": [
      ""
    ],
    "authors": [
      {
        "name": ""
      },
      {
        "name": ""
      }
    ],
    "fullContent": "NO TEXT FOUND"
  },
  {
    "link": "https://www.eleconomista.com.mx/internacionales/jueza-publica-pruebas-juicio-donald-trump-injerencia-electoral-20241018-730597.html",
    "categories": [
      "internacionales"
    ],
    "title": "Jueza publica más pruebas de juicio contra Donald Trump por injerencia electoral",
    "pubDate": "Fri, 18 Oct 2024 10:46:56 -0600",
    "description": "Los archivos desclasificados el viernes incluían extractos de entrevistas realizadas por la investigación oficial del Congreso sobre el asalto del 6 de enero de 2021 al Capitolio de Estados Unidos por parte de partidarios de Trump.",
    "feedType": "ElEconomistaRSS",
    "newsMedia": "El Economista",
    "section": "Edición completa",
    "author": [
      ""
    ],
    "authors": [
      {
        "name": ""
      },
      {
        "name": ""
      }
    ],
    "fullContent": "NO TEXT FOUND"
  },
  {
    "link": "https://www.eleconomista.com.mx/videos/corea-norte-moviliza-tropas-ayudar-rusia-ucrania-20241018-730596.html",
    "categories": [
      "videos"
    ],
    "title": "Corea del Norte moviliza tropas para ayudar a Rusia en Ucrania",
    "pubDate": "Fri, 18 Oct 2024 10:43:41 -0600",
    "description": "Corea del Norte comenzó a movilizar un importante contingente de soldados para ayudar a Rusia en la guerra de Ucrania, según la inteligencia surcoreana.",
    "feedType": "ElEconomistaRSS",
    "newsMedia": "El Economista",
    "section": "Edición completa",
    "author": [
      ""
    ],
    "authors": [
      {
        "name": ""
      },
      {
        "name": ""
      }
    ],
    "fullContent": "NO TEXT FOUND"
  },
  {
    "link": "https://www.eleconomista.com.mx/internacionales/putin-afirma-rusia-permitira-ucrania-obtenga-armas-nucleares-20241018-730595.html",
    "categories": [
      "internacionales"
    ],
    "title": "Putin afirma que Rusia no permitirá que Ucrania obtenga armas nucleares",
    "pubDate": "Fri, 18 Oct 2024 10:41:25 -0600",
    "description": "Putin dijo que cualquier movimiento de Ucrania para conseguir armas nucleares no podría ocultarse y provocaría una respuesta rusa apropiada.",
    "feedType": "ElEconomistaRSS",
    "newsMedia": "El Economista",
    "section": "Edición completa",
    "author": [
      ""
    ],
    "authors": [
      {
        "name": ""
      },
      {
        "name": ""
      }
    ],
    "fullContent": "NO TEXT FOUND"
  },
  {
    "link": "https://www.eleconomista.com.mx/internacionales/cuba-pone-marcha-medidas-emergencia-energetica-intento-frenar-apagones-20241018-730594.html",
    "categories": [
      "internacionales"
    ],
    "title": "Cuba pone en marcha medidas de emergencia energética en un intento por frenar apagones",
    "pubDate": "Fri, 18 Oct 2024 10:15:28 -0600",
    "description": "Las empresas privadas cubanas, que según las autoridades tienden a ser grandes consumidoras de electricidad, pronto tendrán que pagar tarifas más altas por la energía que consumen.",
    "feedType": "ElEconomistaRSS",
    "newsMedia": "El Economista",
    "section": "Edición completa",
    "author": [
      ""
    ],
    "authors": [
      {
        "name": ""
      },
      {
        "name": ""
      }
    ],
    "fullContent": "NO TEXT FOUND"
  },
  {
    "link": "https://www.eleconomista.com.mx/videos/ovidio-reaparece-custodia-y-sale-lopez-guzman-20241018-730593.html",
    "categories": [
      "videos"
    ],
    "title": "Ovidio reaparece bajo custodia y sale López Guzmán",
    "pubDate": "Fri, 18 Oct 2024 10:05:33 -0600",
    "description": "Ovidio y Joaquín Guzmán son señalados de ser los líderes de la facción conocida como Los Chapitos, pertenecientes al Cartel Sinaloa, el primero capturado en enero del 2023 y el segundo en 2024.",
    "feedType": "ElEconomistaRSS",
    "newsMedia": "El Economista",
    "section": "Edición completa",
    "author": [
      ""
    ],
    "authors": [
      {
        "name": ""
      },
      {
        "name": ""
      }
    ],
    "fullContent": "NO TEXT FOUND"
  },
  {
    "link": "https://www.eleconomista.com.mx/arteseideas/festival-hipnosis-sortea-obstaculos-camino-edicion-20241018-730592.html",
    "categories": [
      "arteseideas"
    ],
    "title": "El festival Hipnosis sortea obstáculos en camino a su edición 2024",
    "pubDate": "Fri, 18 Oct 2024 10:03:38 -0600",
    "description": "El festival Hipnosis se llevará a cabo el 2 de noviembre en el estadio de beisbol Fray Nano en Alcaldía Venustiano Carranza de la Ciudad de México.",
    "feedType": "ElEconomistaRSS",
    "newsMedia": "El Economista",
    "section": "Edición completa",
    "author": [
      ""
    ],
    "authors": [
      {
        "name": ""
      },
      {
        "name": ""
      }
    ],
    "fullContent": "NO TEXT FOUND"
  },
  {
    "link": "https://www.eleconomista.com.mx/los-especiales/salud/50-poblacion-presentara-tipo-deficiencia-visual-20241018-730536.html",
    "categories": [
      "los-especiales"
    ],
    "title": "Más del 50% de la población presentará algún tipo de deficiencia visual",
    "pubDate": "Fri, 18 Oct 2024 10:00:00 -0600",
    "description": "La salud visual en México representa un desafío de bienestar y económico, tras el aumento en los casos de enfermedades oculares como: la miopía, el astigmatismo y el glaucoma",
    "feedType": "ElEconomistaRSS",
    "newsMedia": "El Economista",
    "section": "Edición completa",
    "author": [
      ""
    ],
    "authors": [
      {
        "name": ""
      },
      {
        "name": ""
      }
    ],
    "fullContent": "NO TEXT FOUND"
  },
  {
    "link": "https://www.eleconomista.com.mx/los-especiales/salud/opella-impulsa-autocuidado-y-refuerza-compromiso-salud-y-bienestar-20241018-730524.html",
    "categories": [
      "los-especiales"
    ],
    "title": "Opella impulsa el autocuidado y refuerza su compromiso con la salud y el bienestar",
    "pubDate": "Fri, 18 Oct 2024 10:00:00 -0600",
    "description": "Opella planea enfocarse en medicamentos de libre acceso y multivitamínicos, con un fuerte compromiso social, ambiental y económico",
    "feedType": "ElEconomistaRSS",
    "newsMedia": "El Economista",
    "section": "Edición completa",
    "author": [
      ""
    ],
    "authors": [
      {
        "name": ""
      },
      {
        "name": ""
      }
    ],
    "fullContent": "NO TEXT FOUND"
  },
  {
    "link": "https://www.eleconomista.com.mx/videos/vladimir-putin-asistira-cumbre-g20-20241018-730591.html",
    "categories": [
      "videos"
    ],
    "title": "Vladimir Putin no asistirá a la cumbre del G20",
    "pubDate": "Fri, 18 Oct 2024 09:57:53 -0600",
    "description": "El presidente ruso, Vladimir Putin, bajo una orden de arresto de la Corte Penal Internacional (CPI) relacionada con la guerra en Ucrania, dijo el viernes que no asistirá a la cumbre del G20 en Brasil del 18 y 19 de noviembre para no \"perturbarla\".",
    "feedType": "ElEconomistaRSS",
    "newsMedia": "El Economista",
    "section": "Edición completa",
    "author": [
      ""
    ],
    "authors": [
      {
        "name": ""
      },
      {
        "name": ""
      }
    ],
    "fullContent": "NO TEXT FOUND"
  },
  {
    "link": "https://www.eleconomista.com.mx/autos/mazda-bt50-tienes-pick-marca-japonesa-20241018-730590.html",
    "categories": [
      "autos"
    ],
    "title": "Mazda BT50, lo que tienes qué saber del pickup de la marca japonesa",
    "pubDate": "Fri, 18 Oct 2024 09:51:22 -0600",
    "description": "Diseñado principalmente para actividades de recreo y como un vehículo de uso personal, llama la atención por el rico equipamiento y por sus capacidades de carga y arrastre.",
    "feedType": "ElEconomistaRSS",
    "newsMedia": "El Economista",
    "section": "Edición completa",
    "author": [
      ""
    ],
    "authors": [
      {
        "name": ""
      },
      {
        "name": ""
      }
    ],
    "fullContent": "NO TEXT FOUND"
  }
]