[
  {
    "id": "",
    "title": "Los males económicos de China no son incurables",
    "link": "https://www.milenio.com/politica/los-males-economicos-de-china-no-son-incurables",
    "published": "2024-10-16T07:27:57.000Z",
    "description": "Las autoridades se han negado a reconocer la naturaleza de la enfermedad y con el tiempo la han empeorado al recurrir a paliativos temporales; lo que la nación necesita es un mayor consumo¿Chinanecesita convertirse en Japón? No. ¿Puede  convertirse...",
    "feedType": "atom 2.0",
    "newsMedia": "Milenio",
    "section": "Últimas noticias"
  },
  {
    "id": "",
    "title": "Santiago Roncagliolo: “Soy latinoamericano, nuestro infierno es la sociedad”",
    "link": "https://www.milenio.com/cultura/santiago-roncagliolo-asegura-nuestro-infierno-es-la-sociedad",
    "published": "2024-10-16T06:18:42.000Z",
    "description": "Santiago Roncagliolo (Lima, Perú, 1975) es uno de esos escritores “todo terreno”; un día puede dedicarse a una novela, luego escribir para la televisión o cualquier historia. Para él, que es un poco chilango, lo importante es contar historias...",
    "feedType": "atom 2.0",
    "newsMedia": "Milenio",
    "section": "Últimas noticias"
  },
  {
    "id": "",
    "title": "Oaxaca muestra su tradición circense en el Cervantino",
    "link": "https://www.milenio.com/cultura/fic-oaxaca-muestra-su-tradicion-circense",
    "published": "2024-10-16T06:18:28.000Z",
    "description": "José Alfredo Jiménez Bonilla, Pepe, dice que su vestuario no es especial, portan la ropa que les regala la gente, la más llamativa, para presentar de dos a tres horas de espectáculo nocturno en los pueblos de Oaxaca que lo solicitan.Él es uno de...",
    "feedType": "atom 2.0",
    "newsMedia": "Milenio",
    "section": "Últimas noticias"
  },
  {
    "id": "",
    "title": "Multa a gasolineros es de \"mayor gravedad\", consumidores pagan sobreprecios: Cofece",
    "link": "https://www.milenio.com/negocios/multa-a-gasolineros-por-manipular-precios-cofece",
    "published": "2024-10-16T06:18:11.000Z",
    "description": "La Comisión Federal de Competencia Económica (Cofece) anunció, recientemente, una multa por 437 millones 911 mil 146 pesos a gasolineros por manipular precios, lo que, de acuerdo con la comisionada presidenta del regulador, Andrea Marván, refleja...",
    "feedType": "atom 2.0",
    "newsMedia": "Milenio",
    "section": "Últimas noticias"
  },
  {
    "id": "",
    "title": "Los hermanos Menéndez: La historia detrás del asesinato de sus padres acusados de abuso sexual",
    "link": "https://www.milenio.com/policia/quienes-son-los-hermanos-menendez-que-mataron-a-sus-padres",
    "published": "2024-10-16T06:17:40.000Z",
    "description": "El crimen que cometieron loshermanosJoseph Lyle y Erik GalenMenéndezcontra sus padres ha inspirado desde canciones hasta películas; hecho por el que fueron condenados a cadena perpetua en Estados Unidos.A 35 años, el caso retomó fuerza debido...",
    "feedType": "atom 2.0",
    "newsMedia": "Milenio",
    "section": "Últimas noticias"
  },
  {
    "id": "",
    "title": "Claudia Sheinbaum “libera dudas” y ofrecen CEO 20 mil mdd",
    "link": "https://www.milenio.com/negocios/claudia-sheinbaum-libera-dudas-ofrecen-ceo-20-mil-mdd",
    "published": "2024-10-16T06:01:08.000Z",
    "description": "La presidenta Claudia Sheinbaum dialogó con 240 directores generales de México y Estados Unidos para aclarar su dudas sobre la reciente reforma al Poder Judicial, así como de otros cambios legales en el país que estaban generando incertidumbre...",
    "feedType": "atom 2.0",
    "newsMedia": "Milenio",
    "section": "Últimas noticias"
  },
  {
    "id": "",
    "title": "Isaac Hernández: “Voy a desafiarme para saber de qué soy capaz”",
    "link": "https://www.milenio.com/cultura/isaac-hernandez-voy-a-desafiarme-para-saber-de-que-soy-capaz",
    "published": "2024-10-16T06:01:00.000Z",
    "description": "Era la segunda semana de Isaac Hernández en el American Ballet Theater, y estaba adolorido por los ensayos. Sin embargo, en cuanto la persona a cargo del piano comenzó a tocar, su cuerpo y sus ojos se activaron de inmediato. Era su gran entrada....",
    "feedType": "atom 2.0",
    "newsMedia": "Milenio",
    "section": "Últimas noticias"
  },
  {
    "id": "",
    "title": "De “Hoover mexicano” a “criminal y traidor”: Las dos caras de García Luna",
    "link": "https://www.milenio.com/policia/perfil-genaro-garcia-luna-hoover-mexicano-criminal-traidor",
    "published": "2024-10-16T06:00:53.000Z",
    "description": "“Mi familia fue testigo de mi difícil profesión, con tiempos laborales extenuantes y esfuerzos sobrehumanos para luchar contra el crimen y violencia que vive mi país… cuando tuve la oportunidad de combatir al narcotráfico fue implacable en contra...",
    "feedType": "atom 2.0",
    "newsMedia": "Milenio",
    "section": "Últimas noticias"
  },
  {
    "id": "",
    "title": "Fuerza Regia cae ante Soles de Mexicali en el primer juego de la serie en la LNBP",
    "link": "https://www.milenio.com/deportes/basquetbol/fuerza-regia-cae-ante-soles-de-mexicali-en-la-lnbp-2024",
    "published": "2024-10-16T05:44:00.000Z",
    "description": "Fuerza Regia no pudo superar un déficit de más de 20 puntos y cayó 83-72 ante los Soles de Mexicali en el primer duelo de la serie.Con la derrota, la quinteta regiomontana perdió el liderato general de la Liga Nacional de Baloncesto Profesional,...",
    "feedType": "atom 2.0",
    "newsMedia": "Milenio",
    "section": "Últimas noticias"
  },
  {
    "id": "",
    "title": "¿Cuándo juega México contra Honduras en la Liga de Naciones de Concacaf 2024? | Fecha",
    "link": "https://www.milenio.com/futbol/seleccion-mexicana/cuando-juega-mexico-vs-honduras-en-liga-de-naciones-de-concacaf-2024",
    "published": "2024-10-16T05:25:00.000Z",
    "description": "La selección mexicana se mediráa similar de Honduras en los cuartos de final de la Liga de Naciones de la Concacaf por el boleto al Final Four del torneo que no ha podido ganar el conjunto nacional.El Tricolor tendrá sus primeros partidos oficiales...",
    "feedType": "atom 2.0",
    "newsMedia": "Milenio",
    "section": "Últimas noticias"
  },
  {
    "id": "",
    "title": "Genaro García Luna: el ‘superpolicía’ que consumió el poder y el Cártel de Sinaloa",
    "link": "https://www.milenio.com/policia/genaro-garcia-luna-superpolicia-consumio-cartel-sinaloa",
    "published": "2024-10-16T05:15:01.000Z",
    "description": "Durante la década de los 80’s, por los pasillos y aulas de la secundaria 70 de la colonia Romero Rubio en la alcaldía Venustiano Carranza paseó un joven tartamudo y testarudo cuyas ambiciones terminaron por definir uno de los periodos más oscuros ...",
    "feedType": "atom 2.0",
    "newsMedia": "Milenio",
    "section": "Últimas noticias"
  },
  {
    "id": "",
    "title": "Motocicletas y bicicletas representan el 49.4 % de accidentes viales en México",
    "link": "https://www.milenio.com/politica/comunidad/motocicletas-y-bicicletas-transportes-con-mas-accidentes-en-cdmx",
    "published": "2024-10-16T05:10:21.000Z",
    "description": "Aunque el patrón de movilidad ha cambiado en los últimos años en el país con el incremento en el uso de motocicletas y bicicletas, esto no se ha traducido en políticas que logren disminuir los accidentes en esas unidades, sino lo contrario, pues...",
    "feedType": "atom 2.0",
    "newsMedia": "Milenio",
    "section": "Últimas noticias"
  },
  {
    "id": "",
    "title": "Piden constructores que Ejército ya no haga obras",
    "link": "https://www.milenio.com/negocios/piden-constructores-que-ejercito-ya-no-haga-obras",
    "published": "2024-10-16T05:08:23.000Z",
    "description": "Luis Méndez Jaled, presidente de la Cámara Mexicana de la Industria de la Construcción (CMIC), espera que con la nueva administración federal el Ejército se dedique a cuidar la soberanía y la paz del paísy que las grandes obras de infraestructura...",
    "feedType": "atom 2.0",
    "newsMedia": "Milenio",
    "section": "Últimas noticias"
  },
  {
    "id": "",
    "title": "Ernesto Zedillo se beneficia del aumento en pensiones; ya gana más que Sheinbaum",
    "link": "https://www.milenio.com/politica/ernesto-zedillo-gana-sheinbaum-gracias-aumento-pensiones",
    "published": "2024-10-16T05:02:00.000Z",
    "description": "Con el más reciente aumento de su pensión mensual vitalicia, el ex mandatarioErnesto Zedilloya gana más que la presidenta Claudia Sheinbaum Pardo. Mientras el priista comenzó a recibir este año un subsidio del Banco de México (Banxico) de más de...",
    "feedType": "atom 2.0",
    "newsMedia": "Milenio",
    "section": "Últimas noticias"
  },
  {
    "id": "",
    "title": "A un año de la catástrofe, familiares de desaparecidos por 'Otis' enfrentan tramitología",
    "link": "https://www.milenio.com/estados/familiares-desaparecidos-otis-enfrentan-tramitologia-meses",
    "published": "2024-10-16T05:01:01.000Z",
    "description": "Han pasado casi 12 meses de que Otis, uno de los huracanes más poderosos, impactara las costas mexicanas dejando una estela de destrucción mayor en Acapulco, Guerrero: 56 muertos y 24 desaparecidos.La familia de estos últimos, en medio de la...",
    "feedType": "atom 2.0",
    "newsMedia": "Milenio",
    "section": "Últimas noticias"
  },
  {
    "id": "",
    "title": "Año 2024, el más fatal para migrantes en la frontera; suman 174 fallecidos",
    "link": "https://www.milenio.com/politica/ano-2024-fatal-migrantes-frontera-eu",
    "published": "2024-10-16T05:00:01.000Z",
    "description": "Este año ha sido el más mortífero para los migrantesque intentan cruzar de manera irregular a territorio de Estados Unidos por la región de El Paso, Texas.De acuerdo con el Instituto Fronterizo Esperanza, en lo que va de 2024 ya suman 174 migrantes...",
    "feedType": "atom 2.0",
    "newsMedia": "Milenio",
    "section": "Últimas noticias"
  },
  {
    "id": "",
    "title": "Aficionados le gritan \"borracho\" a Alexis Vega en partido de México vs Estados Unidos | VIDEO",
    "link": "https://www.milenio.com/futbol/seleccion-mexicana/aficionados-gritan-borracho-alexis-vega-partido-mexico-vs-eu-video",
    "published": "2024-10-16T04:59:00.000Z",
    "description": "Alexis Vega y la selección mexicana regresaron a la ciudad de Guadalajara para enfrentar a Estados Unidosen un partido amistoso en el estadio Akron, donde el ex de las Chivas recibió una bienvenida hostil por parte de los aficionados. En esta...",
    "feedType": "atom 2.0",
    "newsMedia": "Milenio",
    "section": "Últimas noticias"
  },
  {
    "id": "",
    "title": "Sultanes de Monterrey empatan la serie ante Águilas de Mexicali",
    "link": "https://www.milenio.com/beisbol/sultanes/sultanes-de-monterrey-empatan-serie-ante-aguilas-de-mexicali",
    "published": "2024-10-16T04:31:00.000Z",
    "description": "En otro buen duelo de pitcheo entre los lanzadores abridores, los Sultanes derrotaron 6-2 a los Caballeros Águilas de Mexicali para empatar 1-1 la serie que se vive en el Estadio Mobil Super.El zurdo Zach Muckenhirn, por el Monterrey, y Eduardo...",
    "feedType": "atom 2.0",
    "newsMedia": "Milenio",
    "section": "Últimas noticias"
  },
  {
    "id": "",
    "title": "Guerrero propone un presupuesto de más de 84 mil millones de pesos para 2025",
    "link": "https://www.milenio.com/estados/congreso-de-guerrero-recibe-proyecto-de-presupuesto-para-2025",
    "published": "2024-10-16T04:19:44.000Z",
    "description": "El titular de la Secretaría de Finanzas de Guerrero, Raymundo Segura Estrada, entregó al Congreso localel proyecto de presupuesto de egresos del año 2025, que representa un monto de 84 mil 842 millones de pesos, cantidad que, advirtió, puede variar...",
    "feedType": "atom 2.0",
    "newsMedia": "Milenio",
    "section": "Últimas noticias"
  },
  {
    "id": "",
    "title": "Aaron Judge impulsa el segundo triunfo de Yankees ante Guardians en la Serie de Campeonato",
    "link": "https://www.milenio.com/deportes/beisbol/resultado-juego-2-guardians-vs-yankees-serie-de-campeonato-2024",
    "published": "2024-10-16T04:10:00.000Z",
    "description": "La pelota salió despedida del bate de Aaron Judge, como un misil dirigido hacia el Monument Park. Pero en la primera base, Gleyber Torres esperó como si buscara hacer el pisa y corre.“Una falta de respeto por parte de Gleyber”, bromeó Judge...",
    "feedType": "atom 2.0",
    "newsMedia": "Milenio",
    "section": "Últimas noticias"
  }
]