[
  {
    "id": "",
    "title": "Prioriza Aldana bienestar de los trabajadores del STPRM: va por la defensa del contrato colectivo y el desarrollo integral de los petroleros",
    "link": "https://www.milenio.com/politica/prioriza-aldana-bienestar-de-los-trabajadores-del-stprm",
    "published": "2024-10-19T18:06:00.000Z",
    "description": "Ricardo Aldana Prieto, actual Secretario General del Sindicato de Trabajadores Petroleros de la República Mexicana (STPRM) busca su reelección para el periodo 2025-2030, para el que cuenta con un detallado plan de trabajo que se divide en cuatro...",
    "feedType": "atom 2.0",
    "newsMedia": "Milenio",
    "section": "Últimas noticias"
  },
  {
    "id": "",
    "title": "Drake estrena corrido tumbado con Chino Pacas y Fuerza Regida; esto sabemos de la canción",
    "link": "https://www.milenio.com/espectaculos/musica/drake-estrena-cancion-colaboracion-con-chino-paca-y-fuerza-regida",
    "published": "2024-10-19T18:06:00.000Z",
    "description": "El pasado 9 de octubre del presente año, a través de las cuentas oficiales de los músicos, se anunció que estos tres grandes de la industria estarían colaborando para realizar un nuevo sencillo que apuntaría a ser un gran éxito; además, marcaría el...",
    "feedType": "atom 2.0",
    "newsMedia": "Milenio",
    "section": "Últimas noticias"
  },
  {
    "id": "",
    "title": "Anthony Hernández vs Michel Pereira: ¿Dónde y a qué hora VER UFC Fight Night HOY?",
    "link": "https://www.milenio.com/deportes/ufc/ver-anthony-hernandez-vs-michel-pereira-en-vivo-ufc-fight-night-hoy",
    "published": "2024-10-19T18:04:00.000Z",
    "description": "Noche de pelea en el Apex de Las Vegas. El estadunidense Anthony Hernández intentará alargar su racha positiva de victorias cuando se enfrente al brasileño Michel Pereira en UFC Fight Night Vegas 99.Hernández cuenta con cinco victorias de forma...",
    "feedType": "atom 2.0",
    "newsMedia": "Milenio",
    "section": "Últimas noticias"
  },
  {
    "id": "",
    "title": "Verstappen conquista la victoria en la sprint del GP de Estados Unidos; 'Checo' termina noveno",
    "link": "https://www.milenio.com/deportes/f1/verstappen-victoria-sprint-gp-de-estados-unidos-checo-es-noveno",
    "published": "2024-10-19T18:04:00.000Z",
    "description": "El neerlandés Max Verstappen (Red Bull) resistió la remontada infructuosa del británico Lando Norris (McLaren) y volvió a probar casi cuatro meses después el sabor de la victoria al llevarse la carrera al sprint del GP de Estados Unidos, en la que...",
    "feedType": "atom 2.0",
    "newsMedia": "Milenio",
    "section": "Últimas noticias"
  },
  {
    "id": "",
    "title": "Carrera Sprint GP de EU: A qué hora y dónde ver EN VIVO clasificación de Checo HOY en F1",
    "link": "https://www.milenio.com/deportes/f1/ver-sprint-y-qualy-gp-estados-unidos-2024-checo-perez-en-vivo-f1-hoy",
    "published": "2024-10-19T17:52:00.000Z",
    "description": "Todo está listo en el Circuito de las América para que se corra la carrera sprint del Gran Premio de Estados Unidos de la Fórmula 1, donde Sergio 'Checo' Pérez estará buscando terminar en la parte alta de la parrilla para sumar puntos.En la...",
    "feedType": "atom 2.0",
    "newsMedia": "Milenio",
    "section": "Últimas noticias"
  },
  {
    "id": "",
    "title": "Muere Jonathan Hernández Lozano, jugador mexicano de futbol americano: \"tu legado vive en nosotros\"",
    "link": "https://www.milenio.com/deportes/americano/murio-jonathan-hernandez-lozano-jugador-mexicano-de-futbol-americano",
    "published": "2024-10-19T17:50:00.000Z",
    "description": "Durante la mañana de este sábado, se informó la lamentable muerte del mexicano Jonathan Jocsan Hernández Lozano, jugador de futbol americano con los Tequileros de Jalisco.Fue el equipo de Jalisco quien informó sobre el fallecimiento de su jugador...",
    "feedType": "atom 2.0",
    "newsMedia": "Milenio",
    "section": "Últimas noticias"
  },
  {
    "id": "",
    "title": "En Tampa, arrestan al \"Teniente Dan\", quien navegó en huracanes de Florida",
    "link": "https://www.milenio.com/internacional/eu-arrestan-teniente-hombre-viral-navegar-huracan",
    "published": "2024-10-19T17:36:30.000Z",
    "description": "El hombre que se volvió famoso en las redes sociales con sus publicaciones en TikTok mientras navegaba en su bote en medio de dos huracanes fue arrestado en Tampa, Florida.Los registros de arrestos del departamento de policía del condado de...",
    "feedType": "atom 2.0",
    "newsMedia": "Milenio",
    "section": "Últimas noticias"
  },
  {
    "id": "",
    "title": "Matan a ex alcalde y ex diputado en Colima",
    "link": "https://www.milenio.com/policia/encuentran-cuerpos-de-ex-alcalde-y-ex-diputado-colima",
    "published": "2024-10-19T17:30:26.000Z",
    "description": "Héctor Bautista, ex alcalde del municipio de Minatitlán y ex diputado local, fue encontrado muerto la mañana de este viernes a bordo de una camioneta.De acuerdo con primeros reportes, el político colimense presentaba impactos de arma de fuego; la...",
    "feedType": "atom 2.0",
    "newsMedia": "Milenio",
    "section": "Últimas noticias"
  },
  {
    "id": "",
    "title": "En Michoacán, matan a escolta del alcalde de Huiramba",
    "link": "https://www.milenio.com/policia/escolta-del-presidente-municipal-huiramba-asesinado",
    "published": "2024-10-19T17:28:20.000Z",
    "description": "Un escolta del presidente municipal de Huiramba, Michoacán, fue asesinado esta mañana mientras circulaba en su vehículo sobre la carretera Morelia-Pátzcuaro, a la altura del kilómetro diez en Uruapilla. La víctima, identificado como Daniel...",
    "feedType": "atom 2.0",
    "newsMedia": "Milenio",
    "section": "Últimas noticias"
  },
  {
    "id": "",
    "title": "Reportan que Erik Rubín y Mónica Noguera estarían planeando su boda; esto sabemos",
    "link": "https://www.milenio.com/espectaculos/famosos/erik-rubin-y-monica-noguera-estarian-planeando-boda-coque-muniz",
    "published": "2024-10-19T17:26:00.000Z",
    "description": "En 2022 se comenzó a formar un rumor acerca de una supuesta relación sentimental entre la conductora de televisión,Mónica Noguera y el cantante, Erik Rubín , esto después de que Rubín terminó su relación conAndrea Legarreta.Esta semana el...",
    "feedType": "atom 2.0",
    "newsMedia": "Milenio",
    "section": "Últimas noticias"
  },
  {
    "id": "",
    "title": "Zayn Malik, ex miembro de One Direction, pospone su gira ante el fallecimiento de Liam Payne",
    "link": "https://www.milenio.com/espectaculos/musica/zayn-malik-pospone-conciertos-tras-el-fallecimiento-de-liam-payne",
    "published": "2024-10-19T17:20:00.000Z",
    "description": "La última semana ha sido bastante complicada para todos los fanáticos de One Direction, pues el pasado miércoles 14 de octubre se anunció el lamentable deceso de Liam Payne, uno de los ex integrantes de la exitosa y querida boyband...",
    "feedType": "atom 2.0",
    "newsMedia": "Milenio",
    "section": "Últimas noticias"
  },
  {
    "id": "",
    "title": "Violencia en Acapulco deja 15 muertos en 5 días",
    "link": "https://www.milenio.com/estados/violencia-acapulco-deja-15-muertos-5",
    "published": "2024-10-19T17:05:45.000Z",
    "description": "Cada ocho horas en Acapulcose registra un homicidio y en los últimos cinco días de octubre, suman 33 crímenes en lo que va del mes.Además, se han registrado ataques con explosivos, quema de vehículos con bombas molotov, y el restaurante La Cabaña...",
    "feedType": "atom 2.0",
    "newsMedia": "Milenio",
    "section": "Últimas noticias"
  },
  {
    "id": "",
    "title": "Tormenta tropical 'Oscar' se forma en el Atlántico; conoce AQUÍ su trayectoria",
    "link": "https://www.milenio.com/estados/tormenta-tropical-oscar-se-forma-en-atlantico-conoce-su-trayectoria",
    "published": "2024-10-19T16:46:00.000Z",
    "description": "La tormenta tropical Oscar se formó en el Océano Atlántico, marcando el 15to ciclón de la temporada en esta región. La Comisión Nacional del Agua (Conagua) compartió a través de sus redes sociales la alerta de la formación del ciclón en el sureste...",
    "feedType": "atom 2.0",
    "newsMedia": "Milenio",
    "section": "Últimas noticias"
  },
  {
    "id": "",
    "title": "Aficionados del Mainz critican a Jürgen Klopp por unirse a Red Bull: \"¿Te olvidaste de lo que te dimos?\"",
    "link": "https://www.milenio.com/deportes/futbol-internacional/aficionados-del-mainz-critican-a-jurgen-klopp-por-unirse-a-red-bull",
    "published": "2024-10-19T16:46:00.000Z",
    "description": "Jürgen Klopp fue criticado por la afición de su ex equipo Mainz el sábado después de que optó por unirse a la empresa de bebidas energéticas Red Bull para supervisar sus clubes de futbol.Los seguidores del Mainz sostuvieron pancartas durante el...",
    "feedType": "atom 2.0",
    "newsMedia": "Milenio",
    "section": "Últimas noticias"
  },
  {
    "id": "",
    "title": "Ariel Miramontes, 'Albertano', reaparece en televisión tras ser buscado por la muerte de su ex pareja",
    "link": "https://www.milenio.com/espectaculos/famosos/ariel-miramontes-reaparece-tras-ser-buscado-por-la-muerte-de-su",
    "published": "2024-10-19T16:40:00.000Z",
    "description": "El comediante, Ariel Miramontes reapareció en un programa de televisión luego de que una mujer identificada comoElizabeth aseveró ser la supuesta ex suegra del famoso.Llorando, Elizabeth comunicó en redes sociales que estaba buscando al también...",
    "feedType": "atom 2.0",
    "newsMedia": "Milenio",
    "section": "Últimas noticias"
  },
  {
    "id": "",
    "title": "Diputada del PAN llama al gobierno federal a destinar recursos para detención oportuna de cáncer de mama",
    "link": "https://www.milenio.com/politica/noemi-luna-pide-gobierno-recursos-tratar-cancer-mama",
    "published": "2024-10-19T16:36:52.000Z",
    "description": "La coordinadora del Grupo Parlamentario del Partido Acción Nacional (PAN), Noemí Luna pidió al gobierno federal no abandonar la salud de las mujeres, donde el gasto para atención del cáncer de mama tuvo un recorte de 93 por ciento.En el marco de...",
    "feedType": "atom 2.0",
    "newsMedia": "Milenio",
    "section": "Últimas noticias"
  },
  {
    "id": "",
    "title": "Vive Latino 2025: Anuncian fechas por el 25 aniversario en el Estadio GNP Seguros",
    "link": "https://www.milenio.com/espectaculos/musica/vive-latino-2025-estas-son-las-fechas-por-el-25-aniversario",
    "published": "2024-10-19T16:31:00.000Z",
    "description": "El día de hoy, a través de las cuentas oficiales del esperado Fetival de Música, se han anunciado las fechas en que se estará celebrando el aniversario número 25 del Vive Latino; te contamos todo lo que sabemos a continuación.Como cada año, éste...",
    "feedType": "atom 2.0",
    "newsMedia": "Milenio",
    "section": "Últimas noticias"
  },
  {
    "id": "",
    "title": "Manchester United logra milagrosa victoria frente al Brentford en la Premier League",
    "link": "https://www.milenio.com/deportes/futbol-internacional/manchester-united-logra-milagrosa-victoria-frente-al-brentford",
    "published": "2024-10-19T16:29:00.000Z",
    "description": "El argentino Alejandro Garnacho volvió a ser el mejor de su equipo en la angustiosa victoria del Manchester United contra el Brentford (2-1).Angustiosa no porque llegara a última hora, sino porque los 'Diablos Rojos' llegaron a ir perdiendo, tras...",
    "feedType": "atom 2.0",
    "newsMedia": "Milenio",
    "section": "Últimas noticias"
  },
  {
    "id": "",
    "title": "Tormenta tropical 'Nadine' toca tierra en Belice: estás serán las afectaciones en México",
    "link": "https://www.milenio.com/politica/tormenta-tropical-nadine-toca-tierra-belice-afectara-mexico",
    "published": "2024-10-19T16:16:44.000Z",
    "description": "El Servicio Meteorológico Nacional (SMN) informó que la tormenta tropical Nadine tocó tierra en inmediaciones de Belice, cerca de costas mexicanas.El SMN detalló que Nadine se encuentra aproximadamente a 90 kilómetros del sur de Chetumal, Quintana...",
    "feedType": "atom 2.0",
    "newsMedia": "Milenio",
    "section": "Últimas noticias"
  },
  {
    "id": "",
    "title": "Kings League España 2024: Horarios y dónde ver EN VIVO partidos de la jornada 5",
    "link": "https://www.milenio.com/deportes/futbol-internacional/kings-league-espana-2024-que-hora-y-donde-ver-partidos-jornada-5",
    "published": "2024-10-19T15:55:00.000Z",
    "description": "La Kings League InfoJobs llega a su jornada 5 del torneo, la cual marca casi la mitad de la campaña y donde también comienzan a definirse a los verdaderos candidatos al título. Este fin de semana, las acciones se concentrarán totalmente en el...",
    "feedType": "atom 2.0",
    "newsMedia": "Milenio",
    "section": "Últimas noticias"
  }
]