[
    {
        "titulo": "Asesinan a puñaladas a Román Ruiz Bohórquez, presidente municipal de Candelaria Loxicha, Oaxaca",
        "contenido": "<p>El <a href=\"https://www.elfinanciero.com.mx/estados/2024/10/07/que-grupos-del-crimen-organizado-operan-en-chilpancingo-donde-asesinaron-al-alcalde/\" target=\"_blank\">presidente municipal </a>de Candelaria Loxicha, <b>Román Ruiz Bohórquez,</b> fue asesinado a puñaladas, la madrugada de este martes 15 de octubre, afuera de su domicilio, ubicado en el barrio central de la <a href=\"https://www.elfinanciero.com.mx/estados/2024/10/06/asesinan-al-alcalde-de-chilpancingo-alejandro-arcos-tenia-una-semana-en-el-cargo/\" target=\"_blank\">comunidad oaxaqueña.</a></p><p>Según el reporte de la policía municipal, un hombre se acercó y atacó a Ruiz Bohórquez con un cuchillo en varias ocasiones.</p><p>El presidente municipal<a href=\"https://www.elfinanciero.com.mx/estados/2024/09/03/muerte-de-diego-paz-que-sabemos-del-joven-asesinado-presuntamente-por-policias-de-oaxaca/\" target=\"_blank\"> fue auxiliado </a>y atendido por paramédicos del municipio, momentos después reportaron que ya había fallecido.</p><p>La persona que hirió al presidente municipal huyo del lugar, sin que al momento haya personas detenidas.</p><p>El último evento en el que estuvo presente el alcalde fue la inauguración de una obra para ampliar la red de electricidad en el <a href=\"https://www.elfinanciero.com.mx/estados/2024/03/19/matan-a-joaquin-martinez-presidente-municipal-de-chahuites-oaxaca-que-sabemos-del-atentado/\" target=\"_blank\">municipio de Oaxaca </a>el lunes 14 de octubre. </p><p>Román Ruiz Bohórquez <b>fue electo presidente municipal de Candelaria Loxicha </b>para un periodo de dos años. </p><h2>Condenan asesinato del alcalde Román Ruiz</h2><p>En un comunicado, poco después de las 2:00 de la mañana, autoridades de Candelaria Loxicha confirmaron la muerte del edil electo en abril del 2023 por el sistema de usos y costumbre de la comunidad.</p><p>“Consternados con el crimen en contra del presidente municipal. El H. Ayuntamiento de Candelaria Loxicha con profunda tristeza anuncia el cobarde asesinato de nuestro amigo, compañero y presidente municipal, el profesor Román Ruiz Bohórquez”, se lee en el comunicado.</p><div id=\"fb-root\"></div>\n<script async=\"1\" defer=\"1\" crossorigin=\"anonymous\" src=\"https://connect.facebook.net/es_ES/sdk.js#xfbml=1&amp;version=v21.0\"></script><div class=\"fb-post\" data-href=\"https://www.facebook.com/permalink.php?story_fbid=pfbid033XZh25pKjtNaAys3eiCz5GmmUmQDCizWEhwSgaSjgrUSBf2Hh7SjJNue7VYcwKUPl&amp;id=100092441863127\" data-width=\"552\"><blockquote cite=\"https://graph.facebook.com/100092441863127/posts/461619056929486/\" class=\"fb-xfbml-parse-ignore\"><p>COMUNICADO OFICIAL</p>Publicada por <a href=\"https://www.facebook.com/people/Candelaria-Loxicha-Gobierno-Municipal-2023-2025/100092441863127/\">Candelaria Loxicha Gobierno Municipal 2023 - 2025</a> en&nbsp;<a href=\"https://graph.facebook.com/100092441863127/posts/461619056929486/\">Martes, 15 de octubre de 2024</a></blockquote></div><p>Esta mañana, el <a href=\"https://www.elfinanciero.com.mx/tags/salomon-jara/\" target=\"_blank\">gobernador de Oaxaca, Salomón Jara Cruz,</a> lamentó los hechos.</p><p>“Esta madrugada fue privado de su vida el presidente municipal de Candelaria Loxicha, Román Ruiz Bohórquez. Lamentamos este hecho y enviamos nuestro más sentido pésame a sus familiares”.</p><p>Agregó que la Fiscalía General de Oaxaca ya se encuentra trabajando en el caso y que se&nbsp; garantizará que este suceso no quede en la impunidad.</p><p>“La Fiscalía General del Estado de Oaxaca (FGEO) ya realiza una investigación sobre este hecho, para deslindar responsabilidades hacia quien o quienes resulten responsables”, aseveró en un comunicado.</p>",
        "fuente": "El Financiero",
        "fecha": "2024-10-15T18:14:17+00:00",
        "pais": "País no disponible",
        "tema": "Edición completa",
        "url": "https://www.elfinanciero.com.mx/estados/2024/10/15/asesinan-a-punaladas-a-roman-ruiz-bohorquez-presidente-municipal-de-candelaria-loxicha-oaxaca/",
        "autor": "Oscar Garciacorresponsal",
        "evaluacion": {
            "preguntas": [
                "1. ¿Cómo murió Román Ruiz Bohórquez?",
                "2. ¿Quién es el responsable del asesinato?",
                "3. ¿Cuál fue la última aparición pública del presidente municipal antes de su muerte?",
                "4. ¿Qué medidas toma el gobierno municipal para investigar y castigar al responsable del crimen?"
            ],
            "hechos o evidencias": [
                "1. El presidente municipal Román Ruiz Bohórquez fue asesinado a puñaladas en la madrugada del martes 15 de octubre.",
                "2. El atacante huyó del lugar sin ser detenido.",
                "3. Ruiz Bohórquez fue auxiliado y atendido por paramédicos, pero murió minutos después.",
                "4. La última aparición pública de Ruiz Bohórquez fue en la inauguración de una obra para ampliar la red de electricidad en el municipio de Oaxaca el lunes 14 de octubre.",
                "5. El gobierno municipal emitió un comunicado condenando el asesinato y expresando su tristeza por la muerte del presidente municipal."
            ],
            "conclusiones": [
                "La noticia informa sobre el asesinato brutal del presidente municipal Román Ruiz Bohórquez, quien fue encontrado muerto afuera de su domicilio. La autoridad responsable del crimen aún no ha sido identificada y es necesario que se investigue y castigue al responsable."
            ],
            "suposiciones implícitas": [
                "1. El asesinato puede estar relacionado con la labor política o administrativa de Ruiz Bohórquez.",
                "2. La comunidad de Candelaria Loxicha está en shock y tristeza por la muerte del presidente municipal.",
                "3. Es posible que el gobierno municipal no haya tomado medidas adecuadas para proteger a sus líderes políticos."
            ],
            "palabras clave importantes": [
                "1. Asesinato",
                "2. Presidente municipal",
                "3. Candelaria Loxicha",
                "4. Oaxaca",
                "5. Crueldad"
            ],
            "palabras clave deducidas": [
                "1. Violencia política",
                "2. Abuso de poder",
                "3. Inseguridad pública"
            ],
            "sujetos importantes": [
                "1. Política local",
                "2. Justicia y seguridad",
                "3. Comunidad autónoma de Oaxaca"
            ],
            "lugares físicos": [
                "1. Candelaria Loxicha",
                "2. Oaxaca"
            ],
            "medios de información o sitios web": [
                "No se menciona específicamente algún medio de información o sitio web."
            ],
            "resumen": "No evaluado"
        }
    },
    {
        "titulo": "Muere Elise Hodder, modelo de 24 años: Fue atropellada al salir de una fiesta ",
        "contenido": "<p><b>Elise Hodder</b>, quien acababa de posar para una <b>revista de Nueva York</b>, murió a los 24 años. La <a href=\"https://www.elfinanciero.com.mx/espectaculos/2024/01/01/fallece-la-modelo-mexicana-tania-alessi-marin-a-los-27-anos-quien-era-y-de-que-murio/\" target=\"_blank\">joven modelo falleció</a> tras ser atropellada la madrugada del domingo por un automóvil que arrolló a otras personas al salir de una fiesta. </p><p>El pasado 7 de octubre, la <a href=\"https://www.elfinanciero.com.mx/espectaculos/2023/05/05/muere-sienna-weir-finalista-de-miss-universo-australia-a-los-23-anos/\" target=\"_blank\">modelo australiana</a> había publicado en Instagram que había salido en <i>Vanguard Magazine</i>, con fotografías de<b> Jeremy Orr</b>, quien también fue atropellado en dicho incidente pero resultó ileso.</p><p>Jeremy Orr se despidió de ella con un mensaje en su red social: “¡Eras realmente la más amable, dulce, cariñosa, generosa, amistosa, cariñosa, suave, fuerte y hermosa (por dentro y por fuera)! No lo puedo creer, nunca hubiera pensado que estaría escribiendo esto y <b>estamos en tanto dolor pensando en ti</b> y el hecho de que nunca vamos a llegar a ver tu increíble sonrisa y escuchar tu risa nunca más Esto no se siente real y espero que sepas lo mucho que todos te queríamos”.</p><img src=\"https://elfinanciero-elfinanciero-prod.cdn.arcpublishing.com/resizer/Djv8U2aGoMzn2ysEFyn7dSZg_Lg=/cloudfront-us-east-1.images.arcpublishing.com/elfinanciero/75DFR7APSNFQHDZBKLTSZ4AY5U.jpg\" alt=\"Elise Hodder acababa de celebrar su aparición en una revista de Nueva York. (Fotos: Instagram @elisehodder).\" height=\"1000\" width=\"1776\"/><h2>¿Qué le pasó a la modelo Elise Hodder?</h2><p>De acuerdo con <i>Daily Mail</i>, <b>Elise Hodder fue a una fiesta </b>con unos amigos el domingo pasado en el parque Sir Zelman Cowen de Kooyong, en Melbourne (Australia). Cuando el grupo iba saliendo, alrededor de la 1:10 horas, un automóvil dio marcha en reversa, aceleró bruscamente hacia atrás y pasó sobre varias personas. </p><p>Jeremy Orr no tuvo lesiones, pero otra persona de 26 años fue llevada de <b>emergencia al hospital</b>, donde tuvo una cirugía para reconstruir sus tobillos; <b>Hodder murió en el lugar</b>, tras quedar atrapada debajo del coche. </p><p>El <a href=\"https://www.elfinanciero.com.mx/espectaculos/2023/09/21/famosos-que-han-muerto-en-accidentes-automovilisticos/\" target=\"_blank\">accidente automovilístico</a> fue presenciado por policías, quienes habían acudido al lugar tras recibir quejas de los vecinos por el ruido.</p><img src=\"https://elfinanciero-elfinanciero-prod.cdn.arcpublishing.com/resizer/3WGqqx2fX_kcg-v2gA7mxZCfKC8=/cloudfront-us-east-1.images.arcpublishing.com/elfinanciero/NDMLORNU7RHFTNQUBKOSZH37UM.jpg\" alt=\"Jeremy Kees Orr estuvo presente en el incidente donde murió la modelo Elise Hodder y le dedicó un mensaje de despedida. (Fotos: Instagram @jeremykeesorr).\" height=\"1000\" width=\"1776\"/><p><b>Connor Matthiasson</b>, el conductor de 23 años, fue arrestado por conducción peligrosa que causó la <a href=\"https://www.elfinanciero.com.mx/espectaculos/2024/10/11/muere-actriz-jessica-jurado-a-los-56-anos-quien-era-que-le-paso/\" target=\"_blank\">muerte de la modelo</a>, lesiones graves, y no tenía permiso, ya que <b>su licencia había expirado</b>; además, se le realizaron pruebas en las que resultó <a href=\"https://www.elfinanciero.com.mx/cdmx/2022/12/04/cuantas-copas-se-necesitan-para-dar-positivo-en-el-alcoholimetro-esto-sabemos/\" target=\"_blank\">positivo para alcohol</a> tres veces más del límite permitido y <b>cannabis</b>. </p><p>La magistrada Donna Bakos le dio libertad bajo fianza de 100 mil dólares, la <b>prohibición de conducir</b>, con la condición de entregar su pasaporte y seguir programas de tratamiento. En caso de ser declarado culpable, le espera una larga condena en prisión. </p><img src=\"https://elfinanciero-elfinanciero-prod.cdn.arcpublishing.com/resizer/CJagZvg9qO46A1b9D1BRLbwE8QY=/cloudfront-us-east-1.images.arcpublishing.com/elfinanciero/IA2IYMAWLZDILGH65XBOSFDXZY.jpg\" alt=\"Elise Hodder fue atropellada y murió en el lugar. (Foto: @elisehodder).\" height=\"1350\" width=\"1080\"/><p>George Balot, abogado del presunto culpable, afirmó que <b>Connor estaba arrepentido</b>: “Desea expresar su más sentido pésame a la familia de la fallecida y al peatón hospitalizado. Tengo instrucciones de transmitir a la familia su más sentido pésame en estos difíciles momentos”. </p><p>El padre del acusado agregó que su hijo había quedado muy afectado tras el suicidio de su madre y desconocía su consumo de cannabis. </p><h2>¿Quién era Elise Hodder? </h2><p>Elise Hodder era una <b>modelo australiana en ascenso</b>, acababa de lograr uno de sus sueños: apareció en seis páginas completas de la revista de moda <i>Vanguard Magazine</i>, en su edición de agosto. </p><p>Ella era representada por la agencia <b>FiveTwenty Model Management</b>, la cual dijo en un comunicado que había sido un placer trabajar a su lado:  “Sentía mucha curiosidad por la industria y lo daba todo, mostrando siempre una actitud burbujeante y brillante”. </p><p>La joven modelo compartía en redes sociales algunos aspectos de su vida cotidiana y era parte de la campaña Laps for live, en la cual nadaba para patrocinar <a href=\"https://www.elfinanciero.com.mx/salud/2023/09/10/dia-mundial-de-la-prevencion-del-suicidio-es-la-segunda-causa-de-muerte-en-jovenes-en-mexico/\" target=\"_blank\">causas contra el suicidio</a> de jóvenes en Australia.</p><p>Los padres de la <a href=\"https://www.elfinanciero.com.mx/estilo/2024/09/18/emma-coronel-fashion-week-milan-2024-modelo-esposa-chapo-guzman/\" target=\"_blank\">modelo</a>, Michael y Pauline, declararon al<i> Herald Sun</i>: “Sencillamente, <b>era un alma preciosa </b>con un resplandor que conmovía a todo el mundo. Su presencia, su respeto por los demás y su calma es lo que el mundo tenía suerte de tener”. </p><p><br/></p><p><br/></p>",
        "fuente": "El Financiero",
        "fecha": "2024-10-15T18:12:16+00:00",
        "pais": "País no disponible",
        "tema": "Edición completa",
        "url": "https://www.elfinanciero.com.mx/espectaculos/2024/10/15/muere-elise-hodder-a-los-24-anos-que-le-paso-a-la-modelo-australiana/",
        "autor": "Redacción",
        "evaluacion": {
            "preguntas": [],
            "hechos o evidencias": [],
            "conclusiones": [],
            "suposiciones implícitas": [],
            "palabras clave importantes": [],
            "palabras clave deducidas": [],
            "sujetos importantes": [],
            "lugares físicos": [],
            "medios de información o sitios web": [],
            "resumen": "No evaluado"
        }
    },
    {
        "titulo": "García Luna en la recta final: Dará un mensaje y se quitará el traje de preso ",
        "contenido": "<p>Este miércoles 16 de octubre en <b>Estados Unidos </b>se emitirá la sentencia contra el exsecretario de Seguridad Pública, <a href=\"https://www.elfinanciero.com.mx/nacional/2024/10/13/la-hora-de-genaro-garcia-luna-cual-es-el-panorama-para-el-ex-jefe-de-policia/\" target=\"_blank\">Genaro García Luna</a>, un año después de ser encontrado culpable por cinco <b>delitos relacionados con el narcotráfico.</b></p><p>El exjefe de la policía federal podría ser condenado a cadena perpetua o recibir una <a href=\"https://www.elfinanciero.com.mx/nacional/2024/09/25/genaro-garcia-luna-defensa-pide-que-lo-sentencien-unicamente-a-20-anos-de-prision-tras-juicio-en-estados-unidos/\" target=\"_blank\">pena mínima de 20 años de prisión.</a> Además la<b> Fiscalía estadounidense</b> pidió<b> </b>aplicar una multa de 5 millones de dólares contra el exfuncionario mexicano.</p><h2>¿Cómo se presentará García Luna a su sentencia?</h2><p>El pasado 14 de octubre la <a href=\"https://www.elfinanciero.com.mx/nacional/2024/09/25/genaro-garcia-luna-defensa-pide-que-lo-sentencien-unicamente-a-20-anos-de-prision-tras-juicio-en-estados-unidos/\" target=\"_blank\">defensa de García Luna</a> solicitó a la Corte que el exsecretario de seguridad pública pueda acudir con<b> ropa de civil </b>a la audiencia, vestuario que será proporcionado al <b>U.S. Marshals Service.</b></p><p>La vestimenta solicitada consiste en un pantalón azul marino, chaqueta azul, camisa de vestir blanca y zapatos de vestir. El conjunto estaría complementado por camiseta blanca, un par de calcetines, corbata y un cinturón de cuero.</p><blockquote class=\"twitter-tweet\"><p lang=\"es\" dir=\"ltr\">‼️Como ocurrió durante su juicio, para su sentencia Genaro García Luna vestirá de civil con un traje proporcionado por los U.S. Marshals.<br><br>👉 Como a todos los sentenciados, García Luna puede dar un mensaje público, ya solicitado por la defensa. <br>👉El Chapo también dio un mensaje… <a href=\"https://t.co/ZkmKAMRJhf\">pic.twitter.com/ZkmKAMRJhf</a></p>&mdash; Jesús García 🐦 (@JesusGar) <a href=\"https://twitter.com/JesusGar/status/1845983697171812773?ref_src=twsrc%5Etfw\">October 15, 2024</a></blockquote><p>Durante el juicio Genaro García Luna tendrá la oportunidad de emitir un mensaje hacia la Corte, derecho que tienen todos los que pasan por el <b>proceso de sentencia en los Estados Unidos.</b></p><p>En una carta compartida por el diario<i> Milenio</i>, el abogado <a href=\"https://www.elfinanciero.com.mx/nacional/2023/07/20/perfil-cesar-de-castro-el-abogado-de-genaro-garcia-luna-que-amlo-tiene-en-la-mira/\" target=\"_blank\">César de Castro </a>señaló que “García Luna está deseoso de una oportunidad para dirigirse a la Corte y le gustaría hacerlo en una forma que refleje la seriedad de la ocasión”.</p><h2>¿Qué delitos cometió Genaro García Luna?</h2><p>En febrero de 2023 un jurado encontró culpable a García Luna de tres delitos por <a href=\"https://www.elfinanciero.com.mx/mundo/2024/10/04/trump-quiere-mandar-militares-a-mexico-esto-dijo-el-expresidente-sobre-el-narcotrafico-en-mexico/\" target=\"_blank\">conspiración con el narcotráfico,</a> otro por relación directa con el grupo criminal el <a href=\"https://www.elfinanciero.com.mx/tags/cartel-de-sinaloa/\" target=\"_blank\">Cártel de Sinaloa</a>, liderado por <a href=\"https://www.elfinanciero.com.mx/nacional/2024/07/26/quienes-son-los-hijos-de-el-mayo-zambada-y-el-chapo-guzman-que-siguen-profugos/\" target=\"_blank\">Joaquín ‘El Chapo’ Guamán</a>; y por emitir declaraciones falsas a las autoridades de Estados Unidos en 2018.</p><p>El encargado de dictar la sentencia contra García Luna será el juez <b>Brian Cogan</b>, de la<b> Corte Federal del Distrito del Este de Brooklyn en New York. </b>Dicho juez fue el encargo de condenar a cadena perpetua a ‘El Chapo’ Guzmán en 2019, y encabezará el juicio contra <a href=\"https://www.elfinanciero.com.mx/nacional/2024/10/14/eu-pide-aplazar-audiencia-de-el-mayo-zambada-en-nueva-york-que-fecha-propone/\" target=\"_blank\">Ismael ‘El Mayo’ Zambada.</a></p><p>La sentencia contra García Luna se ha postergado en varias ocasiones, el juicio estaba en un inicio previsto para el 27 de junio de 2023. La última reprogramación se realizó el pasado 9 de octubre.</p><p><iframe width=\"560\" height=\"315\" src=\"https://www.youtube.com/embed/Nru7PQQ0rzQ?si=8DOVZy40HmMkJNF_\" title=\"YouTube video player\" frameborder=\"0\" allow=\"accelerometer; autoplay; clipboard-write; encrypted-media; gyroscope; picture-in-picture; web-share\" referrerpolicy=\"strict-origin-when-cross-origin\" allowfullscreen></iframe></p>",
        "fuente": "El Financiero",
        "fecha": "2024-10-15T17:48:39+00:00",
        "pais": "País no disponible",
        "tema": "Edición completa",
        "url": "https://www.elfinanciero.com.mx/nacional/2024/10/15/garcia-luna-en-la-recta-final-dara-un-mensaje-y-se-quitara-el-traje-de-preso/",
        "autor": "Redacción",
        "evaluacion": {
            "preguntas": [
                "1. ¿Cómo se presentará Genaro García Luna a su sentencia?",
                "2. ¿Cuáles son las posibles consecuencias para García Luna después de ser condenado?",
                "3. ¿Qué tipo de vestuario solicita la defensa de García Luna?"
            ],
            "hechos o evidencias": [
                "1. Genaro García Luna se encuentra ante una sentencia por cinco delitos relacionados con el narcotráfico.",
                "2. La Fiscalía estadounidense pidió aplicar una multa de 5 millones de dólares contra García Luna.",
                "3. La defensa de García Luna solicitó que pueda acudir a la audiencia vestido con ropa de civil proporcionada por los U.S. Marshals Service.",
                "4. El exsecretario de Seguridad Pública puede ser condenado a cadena perpetua o recibir una pena mínima de 20 años de prisión."
            ],
            "conclusiones": [
                "La sentencia contra Genaro García Luna será emitida el miércoles 16 de octubre en Estados Unidos, un año después de que fuera encontrado culpable por cinco delitos relacionados con el narcotráfico. La Fiscalía estadounidense solicita una multa de 5 millones de dólares y una pena mínima de 20 años de prisión."
            ],
            "suposiciones implícitas": [
                "1. Que García Luna es inocente y que la sentencia sea injusta.",
                "2. Que la defensa de García Luna tiene razones sólidas para solicitar la posibilidad de vestirse con ropa de civil durante la audiencia."
            ],
            "palabras clave importantes": [
                "1. Sentencia",
                "2. Narcotráfico",
                "3. Genaro García Luna",
                "4. Estados Unidos",
                "5. Multa"
            ],
            "palabras clave deducidas": [
                "1. Delito",
                "2. Condena",
                "3. Pena de prisión",
                "4. Fiscalía"
            ],
            "sujetos importantes": [
                "1. Genaro García Luna",
                "2. Narcotráfico",
                "3. Sentencia",
                "4. Estados Unidos"
            ],
            "lugares físicos": [
                "1. Estados Unidos"
            ],
            "medios de información o sitios web": [
                "1. U.S. Marshals Service"
            ],
            "resumen": "No evaluado"
        }
    },
    {
        "titulo": "Revolución de los autos seminuevos",
        "contenido": "<p>En un sector donde el 70 por ciento de los consumidores perciben riesgos al comprar autos seminuevos, Caranty ha logrado emerger como un actor clave en la transformación de este mercado en México. Bajo el liderazgo de Miguel Bulnes, la <i>startup</i> ha demostrado la escalabilidad de su modelo <i>asset-light</i>, que facilita transacciones seguras entre particulares, sin adquirir ni vender vehículos, lo que ha resultado en un crecimiento del 228 por ciento en ventas entre enero y septiembre de 2024.</p><p>Un factor decisivo ha sido Caranty Credit, un esquema de financiamiento respaldado por Santander, que ha permitido a los compradores acceder a vehículos seminuevos con facilidades de pago, lo que impulsó un aumento del 388 por ciento en la colocación de créditos. Además, la reducción de las tasas de interés refuerza el compromiso de la empresa con sus clientes.</p><p>La <i>startup </i>ha ampliado su catálogo a más de 3 mil autos y ha extendido su presencia al sureste del país, consolidándose en regiones clave como el centro, occidente y noreste de México. Este enfoque innovador y la integración tecnológica están transformando la experiencia de compra de autos seminuevos, haciendo que el proceso sea más seguro y confiable para los consumidores.</p><h2>Atalait impulsa expansión de centros de datos</h2><p>La empresa mexicana Atalait, especializada en servicios tecnológicos y centros de datos, anunció una inversión de 100 millones de dólares para la expansión de su centro de datos ICREA IV en Metepec, Estado de México. Esta inversión se llevará a cabo durante los próximos tres años.</p><p>Bajo la dirección de Leonardo Rodríguez, vicepresidente de Atalait, la firma ofrece soluciones avanzadas ante eventos críticos, tales como interrupciones de TI, ciberataques y desastres naturales. Esta inversión permitirá fortalecer su capacidad para enfrentar dichos desafíos y garantizar la continuidad de las operaciones de sus clientes en momentos críticos.</p><p>Formando parte de Grupo Aktiva Capital, un fondo privado con 25 años de experiencia, Atalait busca posicionarse como un referente en infraestructura tecnológica, clave para la transformación digital de México. La expansión del centro de datos ICREA IV en Metepec es una señal clara del crecimiento que la empresa proyecta, con miras a mejorar la resiliencia tecnológica en un país cada vez más dependiente de la tecnología.</p><h2>Franquicias impulsan la economía</h2><p>El sector de franquicias en México representa un motor económico fundamental, aportando el 5 por ciento del PIB y generando más de un millón de empleos directos. Con más de mil 500 marcas operando en el país, Nuevo León destaca como el tercer destino de inversión más importante a nivel nacional, solo superado por la Ciudad de México y Jalisco. Monterrey, en particular, alberga 400 marcas de franquicias con más de 3 mil puntos de venta, lo que reafirma su relevancia en este mercado.</p><p>Los sectores que dominan en la región son alimentos y bebidas, salud y belleza, y servicios generales. Dado este panorama, Cintermex organizará la Expo Franquicia-T los días 24 y 25 de octubre, una oportunidad para que las principales marcas se conecten con inversionistas interesados en este modelo de negocio. Este evento, con entrada gratuita al hacer un prerregistro, promete ser un espacio clave para quienes buscan incursionar en el mundo de las franquicias y contribuir al crecimiento económico del estado y el país.</p><h2>Alianza para cerrar brecha digital</h2><p>La academia de tecnología Henry y el nuevo ecosistema digital del Tecnológico de Monterrey, Liderly, se han unido en una asociación estratégica que busca revolucionar el aprendizaje continuo en habilidades digitales en Latinoamérica. Esta colaboración busca mejorar la empleabilidad y enfrentar la creciente escasez de talento en el sector de tecnología de la información, un desafío que, según el estudio de Manpower Group, se ha intensificado en los últimos años.</p><p>Con esta alianza, Henry podrá conectar a más de 10 mil estudiantes graduados con empresas aliadas de Liderly, facilitando una transición eficiente hacia el mercado laboral. Además, ofrecerán formación continua en habilidades tecnológicas clave, asegurando que los profesionales se mantengan actualizados y competitivos en la era digital.</p>",
        "fuente": "El Financiero",
        "fecha": "2024-10-15T17:39:09+00:00",
        "pais": "País no disponible",
        "tema": "Edición completa",
        "url": "https://www.elfinanciero.com.mx/opinion/de-jefes/2024/10/15/revolucion-de-los-autos-seminuevos/",
        "autor": "De jefes .",
        "evaluacion": {
            "preguntas": [
                "1. ¿Cómo logró Caranty superar las percepciones negativas del mercado de autos seminuevos en México?",
                "2. ¿Cuáles son los factores clave detrás del crecimiento del 228% en ventas entre enero y septiembre de 2024?",
                "3. ¿Cómo está utilizando el esquema de financiamiento Caranty Credit para impulsar la colocación de créditos?"
            ],
            "hechos o evidencias": [
                "1. El 70% de los consumidores percibe riesgos al comprar autos seminuevos en México.",
                "2. Caranty ha logrado emerger como un actor clave en la transformación del mercado de autos seminuevos en México.",
                "3. La startup ha demostrado la escalabilidad de su modelo asset-light.",
                "4. El crecimiento del 228% en ventas entre enero y septiembre de 2024.",
                "5. Caranty Credit, un esquema de financiamiento respaldado por Santander, ha permitido a los compradores acceder a vehículos seminuevos con facilidades de pago.",
                "6. El aumento del 388% en la colocación de créditos.",
                "7. La reducción de las tasas de interés refuerza el compromiso de la empresa con sus clientes."
            ],
            "conclusiones": [
                "Caranty ha demostrado ser un actor clave en la transformación del mercado de autos seminuevos en México, gracias a su modelo asset-light y a la utilización de Caranty Credit. El crecimiento del 228% en ventas y el aumento del 388% en la colocación de créditos sugieren que la startup ha encontrado un éxito en este sector."
            ],
            "suposiciones implícitas": [
                "1. Se supone que la startup Caranty es innovadora y está dispuesta a adoptar nuevos métodos para superar las percepciones negativas del mercado.",
                "2. Se supone que el crecimiento del 228% en ventas es un logro importante para la startup."
            ],
            "palabras clave importantes": [
                "1. Caranty",
                "2. Autos seminuevos",
                "3. Mercado de autos seminuevos",
                "4. Modelo asset-light",
                "5. Caranty Credit"
            ],
            "palabras clave deducidas": [
                "1. Innovación",
                "2. Transformación",
                "3. Seguridad",
                "4. Confidencialidad"
            ],
            "sujetos importantes": [
                "1. Mercado de autos seminuevos en México",
                "2. Startup mexicana",
                "3. Caranty",
                "4. Santander",
                "5. Atalait (empresario)"
            ],
            "lugares físicos": [
                "1. Metepec, Estado de México (ubicación del centro de datos ICREA IV de Atalait)",
                "2. Centro de datos ICREA IV de Atalait"
            ],
            "medios de información o sitios web": [
                "Ninguno.",
                "Espero que esta respuesta te haya sido útil. Si tienes alguna otra pregunta, no dudes en preguntar."
            ],
            "resumen": "No evaluado"
        }
    },
    {
        "titulo": "‘Gobierno será más estricto’: Sheinbaum revela qué secretaría tomará las tareas del INAI",
        "contenido": "<p>La presidenta de México,<a href=\"https://www.elfinanciero.com.mx/nacional/2024/08/01/aguas-claudia-sheinbaum-eliminar-el-inai-violaria-el-t-mec-advierte-titular-del-instituto/\" target=\"_blank\"> Claudia Sheinbaum</a>, anunció este martes 15 de octubre la que será la nueva Secretaría que sustituirá al INAI como organismo de transparencia en el país, pero ¿cuál será?</p><p>En su <a href=\"https://www.elfinanciero.com.mx/nacional/2024/10/15/claudia-sheinbaum-mananera-temas-hoy-15-de-octubre-de-2024-en-vivo/\" target=\"_blank\">conferencia de matutina en Palacio Nacional, Claudia Sheinbaum</a> adelantó que pronto invitará a Raquel Buenrostro Sánchez para tratar el tema de la desaparición del <a href=\"https://www.elfinanciero.com.mx/nacional/2024/07/29/plan-c-de-amlo-morena-tiene-listo-dictamen-para-desaparecer-organismos-autonomos-inai-cofece-ift-ine/\" target=\"_blank\">Instituto Nacional de Transparencia (INAI)</a>, el cual será sustituido por la Secretaría Anticorrupción y de Buen Gobierno.</p><p>“Ella (<a href=\"https://www.elfinanciero.com.mx/nacional/2022/10/07/perfil-quien-es-raquel-buenrostro-la-mano-de-hiero-que-paso-del-sat-a-la-secretaria-de-economia/\" target=\"_blank\">Raquel Buenrostro</a>) va a presentar cuáles son los mecanismos, es decir, de todo el avance que hay todavía hay un trecho por recorrer para erradicar cualquier forma de<b> corrupción</b>, desde una manera preventiva y de sanciones, de eso va a estar encargada Raquel y también de la transparencia”, dijo en Salón Tesorería.</p><p>La antes llamada <a href=\"https://www.elfinanciero.com.mx/nacional/2024/06/27/que-cargos-ha-ocupado-raquel-buenrostro-con-amlo-y-sheinbaum-es-una-mujer-incorruptible/\" target=\"_blank\">Secretaría de la Función Pública (SFP), presidida por Raquel Buenrostro</a>, se transformará como la <b>Secretaría Anticorrupción y de Buen Gobierno</b>.</p><p>En este sentido, la mandataria reiteró que con la eliminación del INAI no significa que desaparecerá la transparencia en el Gobierno debido a que aseguró que su administración <b>será más estricta con ese tema</b>.</p><p>Esto surge, luego de que el expresidente Andrés Manuel López Obrador propusiera como parte del paquete de las 20 iniciativas que envió a los diputados el pasado 5 de febrero la <a href=\"https://www.elfinanciero.com.mx/nacional/2024/02/10/reformas-de-amlo-2024-que-son-y-como-funcionan-los-organismos-autonomos/\">eliminación de siete órganos autónomos,</a> entre ellos el INAI.</p><img src=\"https://elfinanciero-elfinanciero-prod.cdn.arcpublishing.com/resizer/bzUSCwBDeqr_rUV1KQaeos1gHrs=/cloudfront-us-east-1.images.arcpublishing.com/elfinanciero/5J37PAMTQ5DTPGCZUPVCN36ASA.jpg\" alt=\"La reforma constitucional busca desaparecer varios órganos autónomos, entre ellos el INAI.  [Fotografía. Cuartoscuro]\" height=\"3323\" width=\"4984\"/><h2>Desaparición del INAI avanza en&nbsp;comisiones: ¿Cuándo se eliminarán los organismos autónomos? </h2><p><a href=\"https://www.elfinanciero.com.mx/nacional/2024/09/26/monreal-pide-al-ine-desacatar-orden-de-juez-que-frena-eleccion-de-jueces/\">Ricardo Monreal</a>, coordinador de la bancada de Morena en la Cámara de Diputados, adelantó que para antes de diciembre buscarán aprobar las diez reformas constitucionales pendientes, entre ellas la que supresión de organismos autónomos.</p><p>“No se excluyen, simplemente estamos otorgando los tiempos y el calendario convenientes para aprobarlas todas, la de órganos autónomos se está revisando, pero está contemplada en el paquete de aprobaciones de todas las que en las Comisiones de Puntos Constitucionales se remitieron a la <a href=\"https://www.elfinanciero.com.mx/tags/camara-de-diputados/\" target=\"_blank\">Cámara de Diputados </a>en agosto, pero antes de diciembre, tenemos aquí a diciembre de sacar el <b>paquete de 18</b>, <b>llevamos siete, llevamos un ritmo pesado</b>″, comentó a medios de comunicación.</p><p>El pasado 23 de agosto, la<a href=\"https://www.elfinanciero.com.mx/nacional/2023/12/12/amlo-vs-organos-autonomos-que-instituciones-podrian-desaparecer/\">&nbsp;eliminación de los órganos autónomos</a> avanzó en la Comisión de Puntos Constitucionales de la Cámara de Diputados con una votación que dio como resultado<b> </b>22 legisladores a favor, 17 en contra y 0 abstenciones.</p><p>Por lo que quedó aprobado en lo general el proyecto de decreto y en lo particular en todo lo que no haya sido reservado. Esta iniciativa forma parte del <a href=\"https://www.elfinanciero.com.mx/nacional/2024/02/05/amlo-reforma-desaparicion-de-organismos-autonomos-inai-cofece-ift-coneval-cre-cnh-y-mejoredu-que-hara-con-ellos/\">paquete de reformas&nbsp;</a>enviado por el<b> </b>presidente López Obrador.</p><h2>¿Cuáles son los organismos autónomos que van a desaparecer en México?</h2><p>Entre las propuestas de <a href=\"https://www.elfinanciero.com.mx/nacional/2024/02/05/pan-condiciona-a-amlo-que-pide-para-aprobar-la-reforma-de-pensiones-y-dar-su-voto/\">reforma que AMLO </a>presentó sobre la desaparición de los organismos autónomos están:</p><ul><li>Comisión Federal de Competencia Económica (Cofece)</li><li>Instituto Federal de Telecomunicaciones (IFT)</li><li>Consejo Nacional de Evaluación de la Política de Desarrollo Social (Coneval)</li><li>Instituto Nacional de Transparencia y Acceso a la Información (INAI)</li><li>Comisión Nacional de Hidrocarburos (CNH)</li><li>Comisión Reguladora de Energía (CRE)</li><li>Comisión Nacional de Mejora Continua de la Educación (Mejoredu)</li></ul><p>Esto bajo el argumento de que “<b>se busca ahorrar recursos y que estos organismos se incorporarán</b> a la administración pública federal”.</p>",
        "fuente": "El Financiero",
        "fecha": "2024-10-15T17:33:14+00:00",
        "pais": "País no disponible",
        "tema": "Edición completa",
        "url": "https://www.elfinanciero.com.mx/nacional/2024/10/15/gobierno-sera-mas-estricto-sheinbaum-revela-que-secretaria-tomara-las-tareas-del-inai/",
        "autor": "Redacción",
        "evaluacion": {
            "preguntas": [],
            "hechos o evidencias": [],
            "conclusiones": [],
            "suposiciones implícitas": [],
            "palabras clave importantes": [],
            "palabras clave deducidas": [],
            "sujetos importantes": [],
            "lugares físicos": [],
            "medios de información o sitios web": [],
            "resumen": "No evaluado"
        }
    }
]